positive,name
CC(c1ccc(c(c1)N)[Br])=O,1
C(CO)NC(C1=Cc2ccccc2OC1=O)=O,2
c1ccc(cc1)c1nc2cc(ccc2o1)N,3
c1ccc2c(c1)nc(c1ccc(cc1)N)o2,4
Cc1nc2ccc(CCO)cc2s1,5
CC(C)(C)NCc1ccc(cc1)[Cl],6
C(CO)N(CCOCc1ccccc1)Cc1ccccc1,7
c1ccc(c(c1)N)I,8
Cc1cc(ccc1N)I,9
Cc1nc(CCN)n[nH]1,10
c1ccc(cc1)c1nc2ccccc2c2nc(N)nn12,11
Cc1c(cc(c(c1[Br])N)[Br])[Br],12
c1ccc2c(c1)nc(Sc1ccc(cc1)N)s2,13
c1ccc2c(c1)nc(Sc1ccc(cc1[Cl])N)s2,14
c1cc2c(cc(c(c2nc1)N)[Br])[Br],15
Cc1c(C)sc(N)n1,16
CC(Nc1nc2ccc(cc2s1)N)=O,17
c1nnc(N)s1,18
C(C1COc2ccccc2O1)O,19
c1cc(c2c(c1)sc(N)n2)O,20
Cc1ccc(cc1C)NCC(C(C(CO)O)O)O,21
C(=Cc1nc2ccccc2o1)c1ccc(cc1)N,22
CN(C)c1ccc(C=Cc2nc3cc(ccc3[nH]2)N)cc1,23
c1ccc2C(c3c(ccc(C(c4cccc5ccccc45)=O)c3N)C(c2c1)=O)=O,24
C(c1nc2ccccc2[nH]1)OC(c1ccc(cc1)N)=O,25
C(=Cc1nc2cc(ccc2[nH]1)N)c1ccccc1,26
CCN(CC)CCOC(c1ccc2c(c1)sc(NC(c1ccc(cc1)N)=O)n2)=O,27
Cc1ccc(cc1)NCC(c1ccc(cc1)c1ccccc1)=O,28
C1c2ccccc2c2ccc(cc12)c1csc(N)n1,29
CSCCC(C(O)=O)Nc1c2c3CCCCc3sc2ncn1,30
Cc1c(C)c(C)nc2c1c(c(C(c1ccc(cc1)[Cl])=O)s2)N,31
CNc1ccc(cc1C(c1ccccc1[Cl])=O)[Br],32
Cc(cc(cc1)-n2c(NC=NC3=O)c3nc2)c1N,33
Cc(cccc1)c1NC(NCCN1CC1)=O,34
O=C(NCCCN1CC1)Nc1cccc2ccccc12,35
Nc1nc(N)nc(Nc(cc2)ccc2Br)c1/C=N/c(cc1)ccc1Br,36
c(cc1)ccc1-n1c(cccc2)c2c2c1cccc2,37
CC(C=CC1=NC(Cl)=C2)=CN1C2=O,38
[O-][N+](c(cc1)cc(C(c2c3)=O)c1-c2cc(Br)c3/N=C(/C(F)(F)F)\NO)=O,39
CC(c1ccc(cc1)NC1c2ccc(c(c2C(=O)O1)OC)OC)=O,40
CC(C)=CCC/C(/C)=C\C(N)=O,41
O=C(C(C(N1)=O)=Cc2csc3c2cccc3)NC1=O,42
CC[N+]1C(C)CSC=1C=CNc1ccccc1,43
c1ccc(cc1)N1C(C(Nc2ccccc2C(O)=O)SC1=O)=O,44
c1ccc(cc1)N1C(C(Nc2cccc(c2)C(O)=O)SC1=O)=O,45
C(CSc1nc(cccc2)c2s1)Nc1ccccc1,46
NC(NC(c1nccnc1C(O)=O)=O)=O,47
CC1CCN(CC1)CC(COc1ccccc1CC=C)O,48
CCC(C)N(C(C)=C1)N(C(C)CC)C1=O,49
C1CNCc2cc(CN3CCc4nnc(c5ccccc5)n4CC3)nn2C1,50
Cc1cc(nc2cc(ccc12)OC)N1C[C@H](C2CC2)[C@H](C1)N,51
CCCCCOc(cc1)ccc1N(C(C(C)CN1)=O)C1=S,52
C1CCN(C1)C([C@@H]1C[C@H](CNC1)C(N1CCN(CC1)c1ccncc1)=O)=O,53
C1[C@H](c2ccccc2)[C@H](CN1S(c1ccc2c(c1)NC(N2)=O)(=O)=O)N,54
O=C(C1C2)N(CC3)C2C3(c(cccc2)c2N23)C3=C1C=CC2=O,55
CC(NS(c(cc1)cc2c1sc(C)n2)(=O)=O)=O,56
CN(CCCc1nccn1C)c1c2CCNCc2nc(c2ccncc2)n1,57
C1CC(CNC1)(CNCc1cccc(c1)OCc1ccccc1)O,58
Cc1nc(CCN)cc(n1)N(C)Cc1cccc(c1)C(F)(F)F,59
c(cc1)cc2c1Nc(cccc1)c1C=C2,60
CC[C@H](C)[C@@H](C(N1CCC(CC1)Cn1cc(C2CCCC2)nn1)=O)N,61
CC(C)Oc1cc(nc(N)n1)N1CCC(CC1)c1cc(nc(C)n1)O,62
COc1ccc(CC(N2CCC(CC2)C(Cc2ccccc2)O)=O)c(c1)OC,63
C(CO)C(N1C[C@H]2CC[C@@H]1CN(C2)C(c1cnccn1)=O)=O,64
Cc1csc2c(ncnc12)N1CCC(CC1)NCC1=CNC(NC1=O)=O,65
Cc1c(CCN(C)c2c3CCNCc3nc(n2)N(C)C)scn1,66
CC1=CC(C)=NC(N1CCNC(C1CC2(CCNCC2)CN1C)=O)=O,67
CN(CC(N1C[C@@H](CN2CCCCCC2)[C@H](C1)CO)=O)Cc1ccccc1F,68
CN1CCN(CC1)[C@H]1CCN(C[C@H]1CCCO)C(c1cccc2c1ccn2C)=O,69
C1CCN(C1)Cc1cc(c2c(c3ccccc3)ncn2CCO)sc1,70
Cc1cc(cc2c(ccnc12)N1C[C@H](C2CC2)[C@H](C1)N)[Cl],71
C1CCN(C1)Cc1cc(CN2CCC(Cc3ccc(CO)cc3)C2)sc1,72
C1CN(Cc2ccccc12)c1c2CCNCc2nc(c2cccnc2)n1,73
CCOC(Nc1cccc([As](O)(O)=O)c1)=O,74
C(CNC1CCSCC1)COc1cccnc1,75
C1C(CN)Oc2c1cc(cc2F)c1ccc2c(cco2)c1,76
CC(c1cc(c2ccccc2)[nH]n1)N(C)C(c1cn(CCN)nn1)=O,77
COc1cc2c(C(C(CC3CC4)N4CC3C=C)O)ccnc2cc1.Br,78
CN(C)c1ccc(cc1)c1nc2cc(ccc2o1)N,79
Cc1cccc2c(c[nH]c12)c1cccc(CCN)c1,80
C(c1cc(ccc1F)c1ccc(cc1)c1csc(N)n1)O,81
C1CN(CCC1c1cc(Cc2ccccc2)n[nH]1)C(C1CNCCO1)=O,82
CN(Cc1cc(COC)[nH]n1)Cc1cc2CNCCCn2n1,83
Cc1c(C)nc(nc1N1C[C@@H](CN2CCCCC2)[C@H](C1)CO)N1CCCC1,84
C1CNCCC12CC(C(N1CCN(CC1)c1cccc(c1[Cl])[Cl])=O)NC2,85
CCCc1nc(CNC2CCSCC2)cs1,86
CCc1cc(NCC2CCCNC2)n2c(c(C)c(C)n2)n1,87
CNC(C1CCCN(C1)c1c2CCNCCc2nc(c2ccco2)n1)=O,88
C1C(CN)Oc2c1cc(cc2[Cl])c1ccc(cn1)C(N)=O,89
CC(C)c1cc(Nc(c2c3)c(ccc(Cl)c4)c4nc2ccc3OC)c(C)cc1O,90
O=C1OC(c2cc(-c3ccccc3)nc3ccccc23)=NN1,91
CN1CCCN(CC1)C[C@H]1C[C@@H](CN(C1)C(c1ccc(OC)o1)=O)CO,92
Cc1c(C(C(N2CCC(CCCc3ccccc3)CC2)=O)N)c(C)[nH]n1,93
C(c1ccc(c(c1)c1cccc2ccnn12)F)N,94
C1C(CN1Cc1ccc(cc1)OCCO)Oc1ccccc1[Cl],95
CN1C(C=C(C=N1)N1CCC(CC1)CNC([C@H](Cc1c[nH]cn1)N)=O)=O,96
C(Cc1ccco1)C(N1C[C@@H](CN2CCOCC2)[C@H](C1)CO)=O,97
C1CN(CCC1N1CCC(CC1)O)c1cc(CCN)ncn1,98
Nc(ccc(Oc(cc1)cc([N+]([O-])=O)c1N)c1)c1[N+]([O-])=O,99
CN1CCCN(CC1)C[C@@H]1CN(C[C@@H]1CO)C(c1ccnc2ccccc12)=O,100
CC(Cn1cncn1)NC1CCN(CC1)c1nc2ccc(cc2s1)[Cl],101
CC(C)Oc1cc(NCC2=Cc3ccc(cc3NC2=O)F)nc(N)n1,102
CN(C)c1nc2CNCCc2c(NCc2cc(COC)[nH]n2)n1,103
CCN(CC)c1ccc(/C=C/c2nc3ccccc3c(-c3ccccc3)c2)cc1,104
C1CC2(CCN(CC2)CC(C(F)(F)F)O)CN(CC(N)=O)C1=O,105
Cc1c(C)c(-c2c(CC#N)ccc(C)c2C)c(CC#N)cc1,106
CCN1CCN(C(c2ccc3c(CCCN3)c2)=O)[C@H]2CS(C[C@@H]12)(=O)=O,107
CN(CCO)C[C@@H]1CN(Cc2cccc3c4ccccc4sc23)C[C@@H]1CO,108
C1CCCN(CC1)C(CCC(NC[C@@H]1CCNC[C@H]1O)=O)=O,109
CN(Cc1cccc(c1)OCC=C)c1c2ccccc2nc(CCN)n1,110
C1C(Cc2ccccc12)N1CC[C@@H](c2ccc3c(c2)OCO3)[C@@H](C1)O,111
C1CNCc2cccc(c3ccc(c(c3)F)O)c12,112
C1CC(CCc2ccccc2C(F)(F)F)CN(C1)C(CN)=O,113
[O-][N+](c(cc(cc1)-c(cc2)ccc2[As](O)(O)=O)c1[As](O)(O)=O)=O,114
CC(=C)COc1cccc(CNCCN2CCNC2=O)c1,115
Cc1cnc(nc1N)N1C[C@H]2[C@@H](C1)OC(N2CCCN1CCOCC1)=O,116
CN(Cc1ccc(cc1)n1cccn1)Cc1cccc(CCN)c1,117
CN(Cc1ccc(cc1)Oc1ccccc1)Cc1cc2CNCCCn2n1,118
Cc1ccc([C@H]2CN(C[C@@H]2N)C(COc2ccc(cc2)n2cnnn2)=O)o1,119
C1CN(CC(c2ccccc2)N1)C(c1ccn2cnnc2c1)=O,120
CN1CCN(CC12CCNCC2)C(c1cccc2c1nccn2)=O,121
CC(C)c1cc(c2nc(c3ccc(cc3)n3c(cc(C)n3)N)no2)no1,122
NCC(Nc(ccc(Cl)c1)c1C(c1ccc[nH]1)=O)=O,123
CNC(c1cc2CN(CCc2s1)C(C1CNCCO1)=O)=O,124
C1CNCCC12c1ccccc1[C@H]([C@@H]2OCc1cccnc1)NC(c1cc[nH]n1)=O,125
Cc1nc(CCN)cc(NCCC2CCCN2C)n1,126
CC(COC)NCc1cc(c2ccc(cc2)OC)on1,127
C1CCC(C1)(C#N)c1ccc(cc1)c1cccc2CNCCc12,128
Cc1cc(NC(Nc(cc2)ccc2SC)=O)ncc1,129
CCN(CC)Cc1cnc2c(cnn2c1)C(NCc1ccc(CN)cc1)=O,130
Clc1nc(Oc2ccccc2)nc(-c(c2c3cccc2)cn3-c2ccccc2)n1,131
C1COCC(CN1)CNC(Nc1cccc(c1)c1ccc(cc1)F)=O,132
CN(C)c1c(cnc(c2cccc3CC(CN)Oc23)n1)F,133
Cc1ccc(c2ccccc2CCN)c2cccnc12,134
Cn1cnnc1SCC(N1C[C@@H](CN2CCCC2)[C@H](C1)CO)=O,135
CCOC(N(CCc(cc1OC)c2c(c3c4)c1OC)c2cc3cc(OC)c4OC)=O,136
CC(C)CCOc1cccc(CCNC(C2CC3(CCNCC3)CN2)=O)c1,137
Cc1ccc(cn1)NC([C@H]1C[C@H](CNC1)C(NCCc1c[nH]cn1)=O)=O,138
C(CCn1cc(c2ccccc2c2ccco2)nn1)CCO,139
C1CC2(CCCN(C2)c2cc(N)nc(N)n2)CN(C1)Cc1ccccc1,140
CCc1nc2CCNCCc2c(NCc2nc(c3ncccn3)no2)n1,141
Cc1nccn1CCCC(N1C[C@@H](CN2CCCC2)[C@H](C1)CO)=O,142
CC(C)(CCc1ccc(cc1)C(N(C)CC1(CCCC1)CO)=O)O,143
C1CN(CCC1O)CCNC(Nc1ccc(C=Cc2ccccn2)cc1)=O,144
Cn1ncc2c1ncnc2NCc1ccccc1,145
CNC=C1C=C(c2ccccc2)N(C)C1=S,146
C1CN(Cc2cnc(NCc3ccccc3)nc2)C[C@@H]([C@H]1CO)O,147
C1C[C@@H]2CCNC[C@H]1N2c1c2CNCc2nc(c2cccnc2)n1,148
C1CN(CCC1C1CCN(CCc2ccccc2)C1)c1ccnc(N)n1,149
C1CN(CCN(C1)C(CCc1csc(N)n1)=O)Cc1ccc(cc1)F,150
Nc(cc1)ccc1C(Nc(cc1)ccc1Nc1ccncc1)=O,151
C1[C@@H](C2(CCN(CC2)Cc2cccc(c2)OCCN2CCOCC2)[C@@H]1O)O,152
Cc1cc(NCCCO)n2c3ccccc3nc2c1C#N,153
C1CNCc2c1c(NCc1ccccn1)nc(c1ccccc1)n2,154
CC(C)(C)c1cc(CN(C)c2c3CCNCc3nc(c3cccnc3)n2)[nH]n1,155
CCN1CC(CC1=O)Nc1c2CNCc2nc(c2ccncc2)n1,156
CCc1cc(nc(n1)N1CCCC1)N1C[C@@H](C[C@H]1C(N(CC)CC)=O)N,157
CC1CCC(C(C)C)C(C1)OCC(CN1CCN(CC1)c1ccccc1)O,158
CCCc1ccc(cc1)OCC(CN1CCC(C)CC1)O,159
C(c1nnnn1c1ccccc1)n1ccnc1c1ccc(CO)o1,160
CC(CCc1ccco1)NC1CCC2(CC1)CCNCC2,161
Cc1cc(nc(N)n1)N1CCC(CC1)NCCCN1CCc2ccccc12,162
CCNC([C@@H]1C[C@@H](CN1C(CN1CCCCCCC1)=O)N)=O,163
C1CN(CCN1)CC(Cn1c2ccccc2c2ccccc12)O,164
CN1CCCN(C)C2(CCN(CC2)C(Nc2cccc(CN)c2)=O)C1,165
Cc1ccccc1C(N1CCOC2(CNCCOC2)C1)=O,166
C1CNCc2cc(C(NC3c4ccccc4c4ccccc34)=O)nn2C1,167
Cc1ccccc1c1nc(CCC(N2CCCC(CCN)C2)=O)on1,168
C(CO)Nc1cc(c2ccc(c(c2)[Cl])O)c2cc[nH]c2n1,169
CCSc1nc2ccccc2n1CCO,170
CN(CCc1cn[nH]c1)C([C@H]1CC[C@H](C1)N)=O,171
Clc(c(NC1CCCCC1)nnc1Cl)c1Cl,172
[H]OCCNC1=C(C)NC(NC1=O)=O,173
CN(C)c1nc2CNCCc2c(NCc2cc(c3ccccc3)n[nH]2)n1,174
Cc1c(cc(cc1[Cl])C(NCC(Cc1ccco1)CO)=O)[Cl],175
COc1ccc(cc1)OC1CCN(CC1)C([C@@H]1C[C@H](CN1)O)=O,176
CC(NCc1ccc(nc1)N1C[C@H](C2CC2)[C@H](C1)N)=O,177
Cc1ccc(cc1)OCc1c(cco1)C(NC[C@@H]1C[C@@H](CN1)F)=O,178
C1CNCc2cc(CCC(NCc3cccnc3n3cncn3)=O)nn2C1,179
C(CN)c1cccc(CN2CCOCC(C2)CO)c1,180
C1=C(C(=O)Oc2ccc(cc12)[Br])c1csc(N)n1,181
Cc1nc2ccccc2n1CCC(N1C[C@@H](CN2CCOCC2)[C@H](C1)CO)=O,182
Cc1cc(CNc2nccc(n2)N2CCC(CC2)O)c2c(c1)c(C)c(C)[nH]2,183
C1CN(CCC1Oc1ccc(cc1)F)c1cc(NCCO)nc(N)n1,184
COCCCN1C(CC[C@H]2CN(CC[C@@H]12)c1c2cn[nH]c2nc(N)n1)=O,185
C1CCN(C1)C[C@@H]1CN(C[C@@H]1CO)C(CN1CCCC1=O)=O,186
CC(C)(CCCC1(C)C(OCCO)=C2)C1=CC2=O,187
CCCC=Cc1ccc2c(c1)nc(C(C)O)[nH]2,188
C1CCN(C1)Cc1cc(c2cn(CC(c3ccc(cc3)O)O)nn2)sc1,189
CC(Cn1c(C)cc(C)n1)NC1CCN(CC1)c1c(C#N)cccn1,190
CCC[C@H]1CN(C[C@@H]1NC(c1cnc(N)nc1C)=O)S(C)(=O)=O,191
COCCN(CC1CC1)C(c1ccc(cc1)C1CCCNC1)=O,192
CSCc1ccc(nc1)N1CCC(CC1)N1CCC(CC1)O,193
C1CNCCC12CN(Cc1cc3c(cc1[Cl])OCO3)C(=O)O2,194
C(CNCC1(CNCCOC1)O)Cn1c2ccccc2nn1,195
Cc1ccc(NCCCNC(c2cn(CCN)nn2)=O)nc1,196
C1C2CC3CC1CC(C2)(C3)c1nc(CNC2CS(C=C2)(=O)=O)cs1,197
CN(C(c1ccc(c2ccccc2[Cl])o1)=O)[C@H]1COC[C@@H]1O,198
C1CC(CN(C1)CCNC(c1ccc2c(ccs2)c1)=O)CO,199
C1CC(CCc2ccc(cc2)F)CN(C1)C(c1cn(CCN)nn1)=O,200
Cn1c2cccc(c2c(CN2CCCCC(C2)N)n1)[Cl],201
CCCCSc1nc(cc(n1)N1CCCN(CC1)Cc1ccncc1)N,202
CCOc1ccc(CN2CCC(CC2)(C(O)=O)Oc2cccc(c2)F)cc1CO,203
C(CN)c1cccc(c1)c1ccc(cc1[Cl])F,204
Cc1ccc(cc1)c1csc(Nc2ccc(C)cc2)[n+]1CC=C,205
COc1ccc(cc1)N1C(C2C3c4ccccc4C(CO)(C2C1=O)c1ccccc13)=O,206
CCc1nnc(NCC2CCCCCN2)o1,207
CN1CC2(CCN(CC2)C(C2Cc3cc(ccc3N2)[Cl])=O)CC1=O,208
Cc1ccc(c(c1)NC(NCC(CN1CCCC1)O)=O)[Cl],209
C1CCN(C1)C[C@H]1C[C@H](CN(C1)C(c1cccn1C1CC1)=O)CO,210
Cc1ccccc1C(NC[C@@H]1CCN(C[C@H]1O)C(Cc1ccccn1)=O)=O,211
COc1ccc(cc1)NC1CS(C=C1)(=O)=O,212
Cc1c(cn(C)n1)NC(NCC(Cc1cccs1)CO)=O,213
Cn1ccnc1CCC1CCCCN1C(c1cn(CCN)nn1)=O,214
Cc1c(C(C(NCCNc2cccnc2)=O)N)c(C)[nH]n1,215
Cc1cccc(c1)n1cccc1CN1CCOC(CN)C1,216
COc1cccc(c1)c1c(CN2CCC(CC2)O)cc2cc(c(cc2n1)OC)OC,217
CN(C)c1nc2CCN(Cc2c(n1)N1CCC(CC1)O)Cc1ccco1,218
CN(CC1CCN(CC1)CCc1cccc(c1)F)C([C@H](Cc1c[nH]cn1)N)=O,219
CCCCC(C(N1CCc2c(C1)c(C(N1CCCC1)=O)nc(NC)n2)=O)N,220
C1CCN(CCCNC(c2cccc(c2)c2cn[nH]c2)=O)C(C1)CO,221
C1CNCc2c1c1C(N(C=Nc1s2)C1c2ccccc2c2ccccc12)=O,222
C(CN)c1nc(c2ccccc2n1)NCc1ccccc1n1cncn1,223
C=Cc1ccc(nc1)N1CCN(CC(C1)O)Cc1ccccc1,224
CCCc1c(CC)c(c(C#N)c(N)n1)c1ccco1,225
Cc1cc2CC(CN)Oc2c(c1)c1cnc2ccccc2n1,226
Cc1ccc(cc1)NC([C@H]1C[C@H](CNC1)C(NCCN1CCCC1=O)=O)=O,227
CC(c1cccc(c1)C(N1CCC2(CC1)[C@H](C[C@H]2O)OCCN)=O)=O,228
NC(NCCCS(Nc(cc1)ccc1Nc1c(cccc2)c2nc2cc([N+]([O-])=O)ccc12)(=O)=O)=N.Cl,229
FC(c1cccc(-c([nH]2)nc(nc3Cl)c2nc3Cl)c1)(F)F,230
C1CNCc2cccc(c3cccc4c3cc[nH]4)c12,231
CC(C)Cc1cc(CNC2CCN(CC2)CC(C)C)no1,232
OC(C(Nc1n[nH]cn1)=O)=O,233
C1CN(C[C@H]([C@@H]1NC(c1ccccn1)=O)O)C(COc1cccc(c1)F)=O,234
CN(Cc1ccc2c(c1)nccn2)C(c1cn(CCN2CCNCC2)nn1)=O,235
C1CC(CNC1)c1cc(c2ccc(c(c2)[Cl])[Cl])nc(c1C#N)N,236
[H]N1CCCn2c(C1)cc(CNS(c1ccc(cc1)n1cccn1)(=O)=O)n2,237
CCCC(c1cccs1)Nc1c2CCNCc2nc(c2cccnc2)n1,238
CCNC([C@@H]1C[C@@H](CN1S(N1CCN(CC)CC1)(=O)=O)N)=O,239
Cc1cc(c2ccc(cc2n1)F)c1nc(CCSC)nn1CCO,240
C1COCCN1C[C@@H]1CN(Cc2cccc(c2)N2CCOCC2)C[C@@H]1CO,241
C1CC(c2cccc(c2)c2cc(N)nc3c2cc[nH]3)NC1,242
C=CCC1(CCCN(CC(NCCc2ccc(cc2)[Cl])=O)C1)CO,243
C1=C(C(=O)Oc2cc(ccc12)O)c1nnc(Nc2ccc(cc2)F)s1,244
COc1c(cccn1)C(N1C[C@@H]([C@H](C1)O)N1CCOCC1)=O,245
C1CCC(C1)N1C[C@H]2CNC[C@]2(C1)C(NCCOCc1ccccc1)=O,246
CCCCN1CCCC2(CCNCC2)CC1,247
C1CN(CCC1(c1ccccc1)c1ccccc1)C(c1cn(CCN)nn1)=O,248
CCn1cncc1CNc1c2CCNCc2nc(c2ccncc2)n1,249
C1CC[C@H]([C@H](C1)CNCCC(Nc1ccc(cc1)C(N)=O)=O)O,250
CC1=CC(=O)Oc2cc(CN3CCC(CC3)N3CCC(CC3)O)ccc12,251
C(COc1ccc(cc1)c1cc(c2ccc[nH]2)nc(c1C#N)N)n1ccnc1,252
C=CCN1CCC(CNCc2c[nH]nc2c2ccc(cc2)F)C1,253
COc1ccc(cc1)C1C(C#N)=C(N)OC2CCCC(C1=2)=O,254
C1CC2=C(C(C(C#N)=C(N)O2)c2ccc(c(c2)O)O)C(C1)=O,255
Cc1c(CNC(c2cn(CCC3CCCCN3)nn2)=O)c(C)on1,256
CN(C)CCC1CCCCN1Cc1ccc(CCN)cc1,257
CN1CCC2(CC1)CCN(C2)C(C1CNC1)=O,258
Cc1ccccc1C1C(C#N)=C(N)OC2=C1C(=O)Oc1ccccc12,259
CC1=CC2=C(C(C(C#N)=C(N)O2)c2ccc(cc2)[Cl])C(=O)O1,260
CCc1cnc(N)nc1NCCC(C)N(C)CC,261
C1CN(Cc2ccc(cc2)Oc2ccc(cc2)[Cl])C[C@H]([C@H]1CO)O,262
C(Cc1csc(N)n1)CNC(C1CCCN(C1)Cc1ccco1)=O,263
C1[C@@H](CNC(Nc2cc(cc(c2[Cl])F)F)=O)NC[C@H]1F,264
C1CN(CCC12c1ccccc1[C@H]([C@@H]2O)N)Cc1c[nH]nc1c1ccccc1,265
Cc1c2c(nc(CCN)nc2sc1C)N1C[C@H]2CC[C@H]1C2,266
C(CN)c1ccc(CN2CCC(CC2)(c2cccc(c2)C(F)(F)F)O)cc1,267
C(Cn1cnc(c2ccccc2)c1c1cnc(N)nc1)c1cccs1,268
Cc1cc2CN(Cc2cc1C)c1cccc(c1)C(NC[C@@H]1C[C@@H](CN1)F)=O,269
C(Cn1cc(C(NCCOc2cccc3cccnc23)=O)nn1)N,270
CC(c1ccc2c(cc[nH]2)c1)NC1CCN(CC1)c1c2c(ncn1)[nH]cn2,271
C1CCN(C1)C(CCc1cc2CN(CCn2n1)C(C1CNCCO1)=O)=O,272
Cc1c(cccc1NCc1ccccn1)C(Nc1cnc2CCCCn12)=O,273
Cc1nccn1CC1CCN(CC1)c1c2CCNCc2ncn1,274
C1CCCN(CC1)CC(CNC(c1cn(CCN)nn1)=O)O,275
CC(Cc1cc(C)n[nH]1)NCc1ccc(c(c1)OC)OCCN1CCCC1,276
O=C(Nc(cc1)ccc1Br)Nc(cccc1)c1Cl,277
C1CN(CC1c1ccccc1F)Cc1ccc(CCN)cc1,278
C1CN(CCN1Cc1ccc(cc1)C(O)=O)Cc1ccccc1CO,279
C1CN(CCC1NC1CCOC2(CCOCC2)C1)Cc1cccc(c1)O,280
C1CCN(CC1)c1ccc(cc1)c1cc(c2cccnc2)c(C#N)c(N)n1,281
CC(C)N[C@@H]1CC[C@@H]1NC(CCc1ccc(c2ccc(cc2)[Cl])[nH]1)=O,282
C(CN)c1nncn1c1cccc2ccccc12,283
Cc1cnc(CNCc2ccc(cc2)OCC(N2CCOCC2)=O)cn1,284
CC(C)n1cnnc1CN(C)c1cc(CCN)nc(C)n1,285
Cc1ccc(cc1)SCCN(C)C([C@H](CCCCN)N)=O,286
[H]c1nc2CCNCCc2c(NCc2nnc3CCCn23)n1,287
Cc1nc(CCN)cc(n1)N1CCN(CC1)c1ccccc1[Cl],288
Cc1cc2c(cc1CN1C[C@@H](CN3CCCCCC3)[C@H](C1)CO)OCCO2,289
Cc1ccc(cc1[Cl])N1CCC(CC1)N[C@@H]1CC[C@H](C1)N,290
Cc1cc(C)c2c(c1)c(cc(C)n2)C(N[C@H]1CNC[C@@H]1OC)=O,291
C(CN)c1cccc(CN2CCN(CC2)Cc2ccc(cc2)[Cl])c1,292
C1CN(Cc2c1c(ncn2)N1CCOCC1)C([C@H](Cc1ccc(cc1)O)N)=O,293
CC1=C(C#N)C(C2=C(CC(C)(C)CC2=O)N1)c1ccc(c(c1)OC)OCCO,294
O=C1OCC/C1=C\NCCCCCCCCN/C=C(\CCO1)/C1=O,295
O=C(CN(C=CC(N1)=O)C1=O)Nc1nccs1,296
C1Cc2c(CC1N)c(c1cnc(c3ccco3)nc1)c(C#N)c(N)n2,297
C(CNC1CCC2(CC1)CCNCC2)CNc1cccnc1,298
CNCCN1C(CC[C@H]2CN(CC[C@@H]12)Cc1cnn(C)c1)=O,299
C1CN(CCNC([C@@H]2C[C@H](CNC2)C(N2CCOCC2)=O)=O)c2ccccc12,300
CN(Cc1cnn(c1)c1ccc(cc1)F)C(C(c1ccc(cc1)F)O)=O,301
C1CCN(C1)CC(Cn1c2ccccc2c2ccccc12)O,302
C(CN)C1CN(CCO1)c1c2CCNCc2nc(c2ccccc2)n1,303
CC(C)(C)c1ccc(CN2CCN(CC2)c2ncc(C#N)c(N)n2)cc1,304
C1C[C@@H]2CCN(Cc3ccccn3)C[C@H]1N2,305
Cc1nc2cc(CNC(c3cn(CCN)nn3)=O)ccc2n1C,306
Cc1cccc2c(cn(C)c12)c1c(c2ccccc2)ncn1CCN,307
CC1(CCNCC1)C(N1CCc2c(C1)c(c1ccc(cc1)[Cl])n[nH]2)=O,308
C1CNCc2c1c(NCC[C@@H]1C[C@H]3C[C@@H]1C=C3)nc(c1cccnc1)n2,309
Cc1cc(cc(c1CNc1c2CCNCc2nc(C)n1)[Cl])[Cl],310
CC(Cc1ccccc1F)NCc1nc(C2CCCCC2)no1,311
Cc1cc(NC)nc(n1)N1CCN(CC(C1)O)CC(NC)=O,312
Cn1c2c(cn1)c(nc(c1ccncc1)n2)N1CCCC2(CCNCC2)CC1,313
CCc1ccccc1NC(c1cccc(c1)NC(C1C=CCN1)=O)=O,314
C(c1ccc(cc1)[Cl])n1c2ccccc2nc1c1c(N)non1,315
CCOC(c1nc2ccc(cccc3)c3c2c(OCC)c1)=O,316
CCCCOc(cc1)ccc1OC(Nc(cc(cc1)Cl)c1OC)=O,317
Cc1cccc(NC(Nc2nc(C)ccc2)=S)n1,318
Cc1cccnc1NC(Nc1ncccc1C)=S,319
C(COCc1ccc(cc1)[Cl])NCC1(CNCCOC1)O,320
C1CNCc2c1c(NCC1COc3ccccc3O1)nc(c1cccnc1)n2,321
Cc1c(C(NC[C@@H]2C[C@@H](CN2)F)=O)c(C)on1,322
CC1=CC(C)=NC(N1CCNC1CCN(CC1)Cc1ccccc1)=O,323
CC(c1ccc(cc1)c1ccc(c(c1)F)NC(CN)=O)OC,324
C1CN(CCC1NCCc1c[nH]cn1)c1nc2ccc(cc2s1)[Cl],325
Cc1cc(N)n(CC(N2C[C@@H](CN3CCCCCC3)[C@H](C2)CO)=O)n1,326
C1c2cnn(CCO)c2CN1C(c1cn(c2ccccc2)nn1)=O,327
Cc1nccn1c1ccc(CNC(CCc2cc3CNCCCn3n2)=O)cc1,328
CCc1cc(nc(C)n1)N1CCC(CC1)NCCNc1ccncc1C,329
C1CN2CCC1C(C2)NCc1cccnc1Oc1ccc(c(c1)F)F,330
C1CC(CNC1)c1ccc(cc1)C(N1CCCN(CC1)c1ccc(cc1)F)=O,331
Cc1cc(N)n(CC(N2C[C@H]3COc4ccccc4C[C@]3(C2)C(O)=O)=O)n1,332
Cc1cnc(nc1N(C)C)N1CCN(CC1)Cc1cn(CCO)nc1C,333
Cc1c(CN2CCC3(CC2)[C@H](C[C@H]3O)OCCN)nc2ccccc2n1,334
C1CC(CN(C1)C1CCN(CC1)Cc1ncc[nH]1)O,335
C1Oc2ccc(cc2O1)c1c(C#N)c(N)n2c3ccccc3nc2c1C#N,336
Cc1nc2cc(ccc2o1)[C@@H]1c2ccccc2C[C@H]1O,337
COc1cccc(c1)c1ccccc1NC(C1CCN(CC1)c1ccnc(N)n1)=O,338
C1[C@@H](C2(CCN(CC2)Cc2ncc[nH]2)[C@@H]1O)O,339
C(Cn1cc(c2ccc(CO)o2)nn1)Nc1ccccc1,340
CCc1ccc2c(c1)c(CC(N1CCC3(CC1)[C@H](C[C@H]3O)OCCN)=O)co2,341
COc1ccc(cc1OC)c1nnc(N)o1,342
C1CN(CC1n1ccnc1)c1c2CCNCCc2nc(c2ccccn2)n1,343
C1CN(CCC1N1C(Nc2ccccc12)=O)c1cc(NCCO)nc(N)n1,344
COc1cccc(c1)c1cn[nH]c1C1CCN(CC1)c1ccnc(N)n1,345
COc(cc1)ccc1/N=N/c1c(N)[nH]nc1N,346
CS(NC1CCN(CC1)C(c1ccccc1NCC(O)=O)=O)(=O)=O,347
CCOC(CSc([nH]1)nc(nc2Cl)c1nc2Cl)=O,348
COc1ccc(CCN(Cc2ccncc2)C(CC2COCCN2)=O)cc1,349
Cc1ccc(c2cc(C(N3CCc4c(C3)sc(N)n4)=O)[nH]n2)s1,350
Cc1cccc(c1)c1nc(CN2C=Nc3c(C2=O)c2CCNCc2s3)on1,351
C1CNC[C@H]([C@@H]1CNS(c1cccc2ccccc12)(=O)=O)O,352
Cn1cncc1c1cccc2CC(CN)Oc12,353
CC1CC2(C)CC(C)C1(CO)CO2,354
C1CCN(CC1)C(CNC(CCc1cc2CNCCn2n1)=O)c1cccnc1,355
C1COCC1c1nc(c2cc(CN)cc(c2)NC(c2ccccn2)=O)on1,356
CN(C)C(c1ccc(CN2C(C=C(C=N2)N2CCC(CN)C2)=O)o1)=O,357
Cc1ccc2c(c1)c(c1ccc(cc1)N)nc(c1ccccc1)n2,358
Cn1c(Cn2ccnc2c2cc3CNCCn3n2)cnc1SC,359
CC(c1cccc(n1)N1CCc2c(C1)c1cccc(c1[nH]2)[Cl])O,360
CCOc1ccc(cc1)C(CN1C(=N)N(CCN2CCCCC2)c2ccccc12)O,361
CC(C)(C)C(CN1C(=N)N(CCN2CCCCC2)c2ccccc12)O,362
CCCCN1C(=N)N(CC(c2ccc(cc2)OC)O)c2ccccc12,363
CCCN1C(=N)N(CC(c2ccccc2)O)c2ccccc12,364
CCCCN1C(=N)N(CC(c2ccccc2)O)c2ccccc12,365
C[C@@H]1CN(CC[C@]1(C1CCOCC1)O)Cc1cccc(c1)OCCO,366
Cc1ccc(cc1)OC1CCN(CC1)C([C@H](CCCNC(N)=O)N)=O,367
COc1cc(cc(c1OC)OC)c1nnc(N)s1,368
C(CO)N1C(c2cccc3c(ccc(C1=O)c23)C(c1ccccc1)=O)=O,369
COc1ccc(cc1)c1c(CN2CCC3(CC2)[C@H](C[C@H]3O)OCCN)c[nH]n1,370
C(CNc1cccnc1)NC(c1cnc(Nc2ccccc2)nc1)=O,371
c1ccc2c(c1)ccc1c2nc(c2ccc(cc2)N)[nH]1,372
CN(C[C@@H]1CC[C@@H](CC1)N)CC1(CCCC1)CO,373
C1CNCc2cc(c3nccn3CCNC(c3ccc(cc3)F)=O)nn2C1,374
COc1cccc(c1)c1c(c[nH]n1)C(N(CCO)CC=Cc1ccccc1)=O,375
C1CCCN(CC1)C[C@@H]1CN(C[C@@H]1CO)C(c1cc(N)[nH]n1)=O,376
C1CCN(CC1)C[C@@H]1CN(C[C@@H]1CO)C(c1cn2cc(cnc2n1)[Cl])=O,377
CN(C)[C@@H]1C[C@@H](CO)N(C1)C(c1cc2c(c3ccccc3)nn(C)c2s1)=O,378
CSCCc1nc([C@@H]2C[C@H](CN2)O)n(c2ccc(c(c2)[Cl])[Cl])n1,379
Cc1c2ccc(cc2oc1C(NCCCNc1cccnc1)=O)OC,380
C1CC2(CCNCC2)CCN(C1)Cc1ccnc2ccccc12,381
Cc(cc1)ccc1S(c(c1nonc11)ccc1[N+]([O-])=O)=O,382
Cc1cc2c(cc1N)nc(NC(c1ccc(cc1)C(=O)OC)=O)s2,383
Cc1cc(C)cc(CN2CCC3(CCNCC3)C2)c1,384
CC1OC1c(cc1)ccc1-c1ccc(C2OC2C)cc1,385
C1CCN(CC1)CC1(CCN(Cc2cccc(CCN)c2)C1)O,386
C1CN(CC(CN1Cc1cccc2cc[nH]c12)O)c1ccncc1,387
C(c1c(c2cccc(c2)[Cl])c(C#N)c2nc3ccccc3n2c1N)#N,388
c1ccc(c(c1)c1nc2cc(ccc2s1)N)O,389
Cc1ccc(cc1)S(N(CCO)CC(Cn1c2ccccc2c2ccccc12)O)(=O)=O,390
CC1CCCC(C)N1CC(COc1c(C)cccc1C)O,391
CN(C)S(Nc1cccc(Br)c1)(=O)=O,392
CC(C)(C)c1cc(C=C(C#N)C#N)cc(C(C)(C)C)c1O,393
COc1ccc(cc1)C(c1c(c2c(cc(c3ccccc3)nc2s1)C(F)(F)F)N)=O,394
CC(C)OC(C1=C(C)OC(=C(C#N)C12C(Nc1ccccc12)=O)N)=O,395
CCOC(C1=C(C)OC(=C(C(=O)OCc2ccccc2)C12C(Nc1ccccc12)=O)N)=O,396
CC1=C(C(=O)OC)C2(C(C#N)=C(N)O1)C(Nc1ccc(cc12)[Cl])=O,397
CC(C)Cn1c2C(NC(N(C)c2nc1NCCCO)=O)=O,398
C1CN(Cc2c3cc(ccc3[nH]c12)[Cl])c1c2c(nc(N)n1)[nH]cn2,399
CNc1cc(c2ccc(cc2)c2nnc(N)s2)c2cc[nH]c2n1,400
CN1CCN(CC1)c1cc(nc(N)n1)N1CCCC(CN2CCCCC2)C1,401
Cc1c2c(ncnc2sc1C)N1C[C@H](c2ccc(cc2)OC)[C@H](C1)N,402
Cc1cc2c(cc1C)n(CC(COc1ccccc1C)O)cn2,403
CC(C)(C1CC2(C)CC1)C2OC(c(cccc1)c1C(O)=O)=O,404
COc1ccc(cc1)c1c(CNC([C@H]2CC[C@H](C2)N)=O)c[nH]n1,405
C1CN(Cc2c(c3cccc4ccccc34)noc12)C(c1cc(N)[nH]n1)=O,406
C1COc2cc(ccc2C1=O)c1cc2CC(CN)Oc2c(c1)[Cl],407
CC(C)=CCN1CCN(CC1CCO)c1cc(C)nc2ccccc12,408
C1CNCC1NS(c1cccc(c1)C(NCCc1ccccc1)=O)(=O)=O,409
CC(C)CCCCCCCCCCCCC(NCC(NC(C(C)OC(C1O)Nc2ncnc3c2[nH]cn3)C1O)=O)=O,410
C(CC(c1c(c2cc(ccc2o1)[Cl])N)=O)C(O)=O,411
C1CCN(CC1)Cc1cccc(c1)n1ccnc1c1cc2CNCCCn2n1,412
Cc1cc2cc(CNC([C@@H]3C[C@H](CN3)NC(c3cccc(C#N)c3)=O)=O)ccc2[nH]1,413
Cc1cccc2c1nc(C1CCN(CC1)C(Cc1c(C)nc(N)nc1C)=O)[nH]2,414
Cc1ccc(CN2CCC(CNC(c3cccc(c3)N)=O)C2)cc1C,415
C1CNCC2=C1C(NC(NCc1nc(cs1)c1ccc(cc1)F)=N2)=O,416
CCC[C@@H]1CN(Cc2ccc(CCN)cc2)C[C@H]1NC(C)=O,417
Cc1nc(C2CCCN2)n(c2cccc3ccccc23)n1,418
C1CC(CN(C1)Cc1cccc(CCN)c1)C(Cc1ccccc1)=O,419
C1CC(CN(C1)Cc1cccc(c1)O)NC(c1cn(CCN)nn1)=O,420
COc1ccc(CCCNc2c3CCNCCc3nc(N)n2)cc1OC,421
Cc1c2c(NCc3ccc(C(NC)=O)o3)nc(CCN)nc2sc1C,422
CNC([C@@H]1C[C@H](CN1S(c1ccc(c2ccno2)s1)(=O)=O)N)=O,423
CCOC(C(CSC1CC(N(C1=O)c1ccc(c(c1)[Cl])[Cl])=O)N)=O,424
CN(C)CCOc1cc(C(/C(/C2)=C\c(n3C)ncc3[N+]([O-])=O)=O)c2cc1.OS(O)(=O)=O,425
O=C(Nc1ccccc1)OC1=CC=CNC1=O,426
CC(C)n1c2ccccc2nc1C(c1cccc2ccccc12)O,427
Cc1cc2c(cc1C)oc(c1ccc(cc1O)N)n2,428
CCS(C(C(N(C)C1S(CC)(=O)=O)=O)N(C)C1=O)(=O)=O,429
c1cc2c(cc1N)nn(c1ccc(cc1)[Cl])n2,430
c1cc(cc(c1)[Cl])n1nc2ccc(cc2n1)N,431
Cc1ccc(cc1N)c1nc2cc(ccc2o1)[Cl],432
c1cc(c2cccc(c2c1)[Br])c1nc2cc(ccc2o1)N,433
CCOc1ccc(cc1)c1nc2cc(ccc2o1)N,434
COc1ccc(cc1[Br])c1nc2cc(ccc2o1)N,435
COc1ccc(cc1[Cl])c1nc2cc(ccc2o1)N,436
c1ccc(cc1)n1nc2ccc(cc2n1)N,437
Cc1cc(C)c2c(c1)nc(c1cc(ccc1[Cl])N)o2,438
Cc1ccc2c(c1)nc(c1cc(ccc1[Cl])N)o2,439
Cc1ccc2c(c1)oc(c1cc(ccc1[Cl])N)n2,440
Cc1cc2c(cc1C)oc(c1cc(ccc1[Cl])N)n2,441
Cc1cc2c(cc1C)oc(c1ccc(cc1)N)n2,442
Cc1cc2c(cc1C)oc(c1ccc(C)c(c1)N)n2,443
CCCOc(cc1)ccc1-c1nc(-c(cc2)ccc2N)cs1,444
CCOC(c1c2CCN(C)Cc2sc1N)=O,445
N#Cc(c1ccccc11)ncc1Cl,446
COc1ccc(CCNCc2cccc(c2)[Cl])cc1OC,447
COc1ccc(CCNCc2ccc(cc2)[Cl])cc1,448
CCc1ccc(CNCCc2ccccc2OC)cc1,449
CCOc1ccc(CNCCc2ccc(cc2)[Cl])cc1,450
CCOc1ccc(CNCCc2ccc(cc2)F)cc1,451
CCOc1ccc(CNCCc2ccc(c(c2)OC)OC)cc1,452
COc1cc(CNCc2cc(ccc2OC)[Br])cc(c1)OC,453
COc1ccc(c(CNc2ccc(cc2)[Br])c1)OC,454
COc1ccccc1CCNCc1cccc(c1)C(F)(F)F,455
Cc1cc(c(C)cc1CNCCc1ccc(c(c1)OC)OC)OC,456
COc1cccc(CNCCc2cccc(c2)F)c1,457
COc1cccc(CNCCc2cccc(c2)[Cl])c1OC,458
COc1ccccc1CNCc1ccccc1C(F)(F)F,459
Cc1cc(c(C)cc1CNCCc1ccccc1OC)OC,460
CC(COC)NCc1c(cccc1F)F,461
Cc1ccc(C)c(c1)NCc1cc(ccc1OC)[Br],462
Cc1ccc(C)c(c1)NCc1c[nH]c2ccccc12,463
Cc1cc(ccc1[Br])NCc1ccc2c(c1)OCO2,464
COc1ccc(CNCc2cccc(c2)OC)cc1,465
C(CO)Nc1cc2c(c3C(c4ccccc4C(c13)=O)=O)Nc1ccccc1O2,466
O=C(N(CC1OC1)C(N1CC2OC2)=O)N(CC2OC2)C1=O,467
CC1(C)C(N(CC(CN(c2ccccc2)c2ccccc2)O)C(N1)=O)=O,468
CCOC(/C(/C1=CSC2=NNC(C)(C)N12)=N\O)=O,469
CC1CC(CC(O)=O)(CC(O)=O)CCC1,470
CCOC(c1ccc(cc1)Nc1c(nc2c(n1)non2)N1CCC(CC1)Cc1ccccc1)=O,471
Cc1cc2c(C)c(C)cc(N)c2nc1,472
Cc1ccc(cc1)N1C(CC(C1=O)NCCc1ccc(cc1)OC)=O,473
Cc(cc(cc1)-c(cc2)cc(C)c2N(C(CC23CCCC3)=O)C2=O)c1N(C(CC12CCCC2)=O)C1=O,474
Nc1ccc(Cn(ccc2c34)c2ccc4nc(N)nc3N)cc1.Cl,475
Cc1ccc(cc1c1cccc(CCN)c1)F,476
C1CN(CC1Cc1ccc(CO)cc1)C(Cc1cn2ccsc2n1)=O,477
Cc1c(COC)c(C(NCc2ccc(CN)cc2)=O)no1,478
CCc(cc(C(C)(C)CCC1(C)C)c1c1)c1-c1csc(C/C(/N)=N/O)n1,479
C1COC2(CCOCC2)CC1NCc1nc(c2cnccn2)n[nH]1,480
C(c1ccc(cc1)c1nc(c2ccc(c(c2)F)F)nn1CCO)N,481
CC(C)Oc1cc(nc(N)n1)N1CCCN(CC1)c1ccncc1C,482
Cc1cccc(c1)Nc1nc(CN2CCCC2c2ccc(cc2)F)nc(N)n1,483
C(C1C(c2ccccc2[Cl])c2c(n[nH]c2c2ccccc2)OC=1N)#N,484
COCCOC(C1C(C2=C(CCCC2=O)OC=1N)c1cccnc1)=O,485
COCCOC(C1C(C2=C(c3ccccc3OC2=O)OC=1N)c1ccncc1)=O,486
CC1=CC2=C(C(=O)O1)C1(C(C#N)=C(N)O2)C(Nc2ccc(cc12)[Br])=O,487
Cc1nc(CCN)cc(n1)N1CCN(CC1)c1ccc(C#N)cn1,488
Cc1c2c(NCc3nc(N)[nH]n3)nc(C)nc2on1,489
C1CCc2c(C1)nc(C(N1[C@H]3CC[C@@H]1CCNC3)=O)s2,490
C(c1ccc(cc1)[Br])Sc1nc2ccc(cc2s1)N,491
C(c1ccc(cc1)F)Sc1nc2ccc(cc2s1)N,492
C(c1ccccc1[Cl])Sc1nc2ccc(cc2s1)N,493
C(C(c1ccccc1)=O)Sc1nc2ccc(cc2s1)N,494
Cc1ccc(CNCCc2ccc(c(c2)OC)OC)c(C)c1,495
COc1ccc(CCNCc2cccc(c2)C(F)(F)F)cc1,496
C(CNCc1ccc2c(c1)OCO2)c1ccc(cc1)F,497
Cc1c[nH]c(CN(C)C(c2cccc(c2)C2CCCNC2)=O)n1,498
Cc(c(Sc(cc1)c2cc1O)c1C2=O)ccc1NCCN(C)C.I,499
C1CN(CC1CN)Cc1ccc(c2ccccc2C#N)o1,500
C1CC(CN(C1)C1CCN(CC1)Cc1cccc(CN2CCOCC2)c1)O,501
Cc1nnc2c(Nc3ccc(cc3)[Cl])nc3c(non3)n12,502
Cc1c(c2c(c3ccccc3)ncn2CCCN(CCO)CCO)[nH]cn1,503
CCN(CC)Cc(c(OC)c1)cc2c1c1cnc(cc(cc3)Cl)c3c1[nH]2,504
CCC1CN(CCN1)C(c1coc(CN2CCN(CC2)c2ncccn2)n1)=O,505
CN(C)CCNc1cc(c2ccccc2CO)c2cc[nH]c2n1,506
Cc1c(cccc1NC(NCCNc1cccnc1)=O)C(NC(C)(C)C)=O,507
C(CNC1NC(C2CCNCC=2N=1)=O)C(c1ccc(cc1)F)c1ccco1,508
CC(c1cccc(c1)Nc1c(NS(c2ccc(cc2)[Cl])(=O)=O)nc2ccccc2n1)=O,509
C(Cc1nc(c2ccccc2)no1)C(N[C@H]1Cc2ccccc2[C@@H]1N)=O,510
C1CCCN(CCC1)CC(N1C[C@H](c2ccccc2)[C@H](C1)N)=O,511
CNCC(N1CCn2c(C1)cc(CN1CCN(CC1)c1ncccn1)n2)=O,512
C1CNCc2cc(CC3Cc4ccccc4OC3)ccc12,513
O=C(c(c(F)ccc1)c1F)Nc1nnc(C(F)(F)F)s1,514
Cc1cccc(NC(SC(c(cc2)cc(OC)c2O)NC2=O)=C2C#N)c1,515
[H]Nc1nnc(C(CC)c2ccccc2)s1,516
COc1ccc(CN2CC[C@@H]3[C@@H](CCC(N3CCN)=O)C2)cc1CC=C,517
CC(c1ccc(cc1)NC(c1cnn2c1N[C@H](C[C@H]2C(F)(F)F)c1cccs1)=O)O,518
CC(c1ccc(cc1)NC(c1c(c2NC(CC(C(F)(F)F)n2n1)c1ccc(cc1)OC)[Cl])=O)O,519
CC(c1cccc(c1)NC(c1cc2NC(CC(C(F)(F)F)n2n1)c1ccc(C)cc1)=O)O,520
COc1c(cnc(n1)OC)c1cc2CC(CN)Oc2c(c1)[Cl],521
C1CN(CCN(C1)c1nccc(N)n1)Cc1ccccc1F,522
Sc1nccn1-c(c(Cl)ccc1)c1Cl,523
Cc1ccc(cc1)n1cnc(c1C(c1ccc(cc1)[Br])=O)N,524
C(CNc1c2c(csc2ncn1)c1ccc(cc1)F)c1cccs1,525
CN(C)c1c2CCN(Cc2nc(c2cccnc2)n1)C(C1(CCC1)N)=O,526
C(CNC1CCN(CC1)c1nnc(c2ccccc2)s1)Cn1ccnn1,527
Cc1nc2c(cccc2[nH]1)C(N1CCCC2(CCNC2)C1)=O,528
CN(C)CCNc1nc2c(C(N(C)C(N2C)=O)=O)n1Cc1ccccc1[Cl],529
CC(Cc1ccsc1)NC(c1cccc(c1C)NCc1ccccn1)=O,530
COCc1nc(CCNC(CCc2cc3CNCCn3n2)=O)on1,531
CNc1ccccc1C(=O)OCC(c1ccccc1)=O,532
C(C(c1ccc(cc1)[Br])=O)OC(c1c(N)non1)=O,533
C1CCN(CC1)CCN1C(=N)N(CCO)c2ccccc12,534
CC1CCc2c(C(Nc3ccc(cc3)[Cl])=O)c(N)sc2C1,535
Cc1ccccc1NC(c1c2CCCCCc2sc1N)=O,536
Cc1ccc(c(C)c1)NC(c1c2CCCc2sc1N)=O,537
Cc(cc1)cc(C)c1Nc1nnc(-c(cc2)cc3c2OCO3)o1,538
C1CN(CCC1NCc1nc(N)[nH]n1)c1nc2ccc(cc2s1)[Cl],539
C(/C=C/CSc1ncccc1)Sc1ncccc1,540
CN1C(CCC(C(N2CCC(Cc3cccc(CO)c3)C2)=O)=N1)=O,541
NNC(CNC(Nc1nnc(S)s1)=O)=O,542
Cc1ccc2cc(ccc2n1)C1(CCN(CC1)C([C@H](Cc1c[nH]cn1)N)=O)O,543
CCc1cnc(C)nc1N1CCC(CC1)NC1CCc2ccccc2C1,544
Cc1nc(CN)cc(n1)N1CCC(CC1)C(c1nccn1C)O,545
C(CC(N1CCOC(CN)C1)=O)CN1Cc2ccccc2C1,546
CC(N[C@@H](CCc(c(C1=CC=C2OC)c3OC)c(C=O)c(OC)c3OC)C1=CC2=O)=O,547
Cc1c(CNC(CCc2ccsc2)=O)c2CCNCc2cn1,548
C1CC(C(CC(N2CC(c3ccccc3C2)O)=O)=C1c1ccccc1)=O,549
c1ccc(cc1)C(c1ccc2c(c1)nc(c1cccc(c1)N)[nH]2)=O,550
C1CC1C(N1C[C@H]2CN(Cc3ccc(C#CCO)cc3)C[C@]2(C1)C(O)=O)=O,551
C1CC1[C@H]1CN(C[C@@H]1N)C(c1ccc2c(cccn2)c1)=O,552
Cc1cc(CNc2ccc3c(c2)ncs3)n[nH]1,553
CN(C(NC1CCCCC1)=O)NC(C(NCc1ccco1)=O)=O,554
CC1=CC2C(CC1N)C2(C)C,555
CC(C)c(cc1)ccc1-c1nc(cccc2)c2s1,556
C(CCNC(CSc1nnc(N)s1)=O)Cc1ccccn1,557
CCc1c(c2nc(CC(N)=O)nn2c2ccc3CCCc3c2)sc(N)n1,558
C1CN(CCC1n1cc(c2cccnc2)nn1)c1c2c(nc(N)n1)[nH]cn2,559
Nc1n[nH]c(Nc2ccccc2)n1,560
COc(cc12)ccc2nc(cc(cc2)Cl)c2c1C#N,561
O=C(NC(N1c2ccccc2)=C2NC1=S)NC2=S,562
Clc(ccc(-c1c(Cc2c-3cccc2)c3n[nH]1)c1)c1Cl,563
C1[C@@H](C2(CCN(CC2)Cc2ccc3c(c2)nsn3)[C@@H]1O)OCCN,564
C1CCCN(CC1)C[C@@H]1CN(C[C@@H]1CO)C(C1=CN=C2C=CC=CN2C1=O)=O,565
C1Cc2cc(Cn3cc(c4ccc(C#CCO)s4)nn3)ccc2OC1,566
CC1(CCNCC1)C(N1CCCC(C1)C(CCc1ccccc1)=O)=O,567
C1CC(CCN(C1)C(CCc1ccc(c2ccc(cc2)[Cl])[nH]1)=O)(CO)O,568
CC(=C)Cn1c2C(NC(N(C)c2nc1NCCO)=O)=O,569
C(c1c(N)nc2c3c(cc(c4ccccc4)nc13)c1ccccc1o2)#N,570
CC(C)c1nc(CCNC(c2ccccc2C2CCNC2)=O)on1,571
CCc1c(C)c(NCC(CN(C)C)O)nc(N)n1,572
C(Cc1nc(c2ccco2)nn1CCO)c1ccc2c(c1)OCO2,573
C=CCN1C(=Nc2c(C1=O)c1CCCCc1s2)SCC(NCCCO)=O,574
C1CN(CCN1)Cc1ccc(cc1)c1cccc(CN2CCOCC2)c1,575
CC(Cn1cncn1)NCC1(CCCCC1)N1CCCCC1,576
CC1CCCCN1CC(COc1ccc(cc1)C(C)(C)C)O,577
CCn1c(N)nc2cc(cnc12)C(NCCCc1c(C)ncs1)=O,578
Cc1ccc(cc1)c1cc(C(N[C@@H]2CNC[C@H]2O)=O)c2ccccc2n1,579
CN1C(c2c(nc(NCCN)n2Cc2ccc(cc2)F)N(C)C1=O)=O,580
Cc1ccc(cc1)[C@H]1CN(C(c2cc(N)[nH]n2)=O)[C@@H]2C3CCN(CC3)[C@H]12,581
C1CNCCC12CCN(C2)C(Nc1cccc2ccccc12)=O,582
COc1ccc2cc(ccc2c1)c1ccccc1CN,583
Cc1c2c(NCCCSc3nnc(C)s3)nc(CCN)nc2sc1C,584
CCN(CCN)c1ccc2C(NNC(c2c1)=O)=O,585
COc1ccc(cc1OC)c1nc2cc(ccc2o1)N,586
CCOc1cc(CNCCc2ccccc2)ccc1OC,587
COc1cccc(CCNCc2c(cccc2F)F)c1,588
COc1cc(CNC2CCCc3ccccc23)cc(c1OC)OC,589
CCOc1cc(CNCCc2ccc(cc2)F)ccc1OC,590
CCc1cnc(N)nc1NCCCNc1ccc(C)cn1,591
C1CCc2c(C1)nc(CCNCC1(CCNC1)O)s2,592
Cc1c(CCN(C)Cc2ccc(CO)o2)scn1,593
[H][C@@]12CCCCN2CCC[C@]1(CNCCSCC)O,594
Cc1cc2c(C)nc(Nc3nc(C)cc(n3)O)nc2cc1C,595
C1C[C@H](C[C@@H]1N)Nc1c(cc(cn1)[Cl])[Cl],596
CCc1ccc(cc1)C1C(C#N)=C(N)Oc2c1c(c1ccc3c(c1)OCO3)n[nH]2,597
CC(c1cc(CC(N[C@H]2CC[C@H](CC2)N)=O)cs1)=O,598
C(C12C3C(C(c4ccccc14)c1ccccc12)C(N(C3=O)c1ccc(cc1)F)=O)O,599
CNC(C(NCc1cc2CN(CCn2n1)C(N(C)C)=O)=O)c1ccccc1,600
CCOc1ccccc1c1nc(COc2cccnc2N)c(C)o1,601
CN(CCOC)C[C@@H]1CN(Cc2cccc3c4ccccc4oc23)C[C@@H]1CO,602
CN(C=C/C(/N1C)=C/[N+]([O-])=O)C1=O,603
Cc1c2cc(cc(CNC([C@H](Cc3c[nH]cn3)N)=O)c2[nH]c1c1ccccc1)[Cl],604
C1CC(CN2C(C=C(C=N2)N2CCNCC2)=O)OC1,605
Cc1ccc2c(c1)c(CNc1c3CCNCc3nc(N)n1)nn2C,606
CN1CCC(CC1)N(CCOC)C(Nc1cccc(CN)c1)=O,607
Cc1cc(cnc1n1cnnc1)c1cccc2CNCCc12,608
C(c1c[nH]cn1)[C@@H](C(N1CCN(CC1)Cc1ccc(cc1)[Cl])=O)N,609
C(C1C(c2cccc(c2)[Br])c2c(c3ccccc3)n[nH]c2OC=1N)#N,610
CCCOc1ccc(cc1)C1C(C#N)=C(N)Oc2c1c(C(C)(C)C)n[nH]2,611
C1CC(N(C1)CCC1CCN(CC1)Cc1cccc(CCN)c1)=O,612
Cc1c2c(N[C@H](Cc3ccccc3)CO)nc(c3ccncc3)nc2n(C)n1,613
CCOC(c1c2ccc(c(c2sc1N)OCc1ccccc1)[Br])=O,614
Cc1cc(C)n(C2CCN(C2)C(CCc2cc3CNCCn3n2)=O)n1,615
C1CC(CCOc2ccccc2)(CN(C1)c1nnnn1c1ccccc1)CO,616
C1CC(CN(C1)CCc1ccccc1)Nc1nccc(N)n1,617
CC(C)(CO1)COP1(OC(C=NN(C1CCCCC1)C1=O)=C1OC)=S,618
Cc1ccsc1S(N1C[C@H](C[C@H]1C(NC)=O)N)(=O)=O,619
COc1ccc2ccc(cc2c1)OCc1nc(co1)C(NCc1cccnc1N)=O,620
CC1=CC(NC(NCCNC2CCC3(CC2)CCNCC3)=N1)=O,621
COc1cccc(c1)c1ncc(CNC([C@H]2CC[C@H](C2)N)=O)s1,622
C1CCc2c(C1)c1ccccc1n2C(CSc1nnc(N)s1)=O,623
C1CNCc2cc(CCC(NC(CCn3cncn3)c3ccccc3)=O)nn2C1,624
C(CN)C1CN(CCO1)c1cc(c2ccccc2)nc2ccnn12,625
C1Cn2c(CN1)cc(CNC(c1ccc(cc1)n1cnnc1)=O)n2,626
Cc1cccc(c1)Nc1nc(CN2C[C@@H]3CC[C@H](C2)N(C)C3=O)nc(N)n1,627
Cc1cc2c(ncnc2s1)N1CCC(CC1)NCCNc1cccnc1,628
C1CC2(CCNCC2)CCN(C1)Cc1c(nc2n1ccs2)[Cl],629
Cc1c2ccccc2n(CC(Cn2c(C)cc(C)n2)O)c1C,630
Cc1cc(ccc1[Br])c1nc2cc(ccc2o1)N,631
C(C1C(c2ccccc2)c2c(c3ccc4ccccc4c3)n[nH]c2OC=1N)#N,632
Cc1cc2c(cc1C)oc(c1cccc(c1C)N)n2,633
C1C(C(=C(N)N1c1ccc(cc1[Cl])[Cl])C1NC(c2ccccc2N=1)=O)=O,634
CN(C)C(C(C1=S)=O)=C1SC,635
Cc1ccc(c(CC=C)c1)OCC(Cn1c2ccccc2nc1CO)O,636
C1CN(CCN1CC(COc1ccc(cc1)[Br])O)c1ccccc1,637
CC(N1CCN(CC1)CC(COc1ccccc1)O)=O,638
CCCCOCC(CN1CCN(CC1)C(C)=O)O,639
Cc(cc1nc(ccc(N(C)C)c2)c2[s+]c1c1)c1N.[Cl-],640
Cc1c2c(Nc3ccc(cc3)[Cl])ncnc2sc1C,641
CCOc1ccc(CNCCc2ccc3c(c2)OCO3)cc1,642
COc1ccc(CNCc2cccc(c2OC)OC)cc1,643
COc1ccc(CNCc2ccc(cc2)[Cl])cc1OC,644
CCc1ccc(CNCCc2ccc3c(c2)OCO3)cc1,645
Cc1ccc(CNCc2ccc(c(c2)OC)OC)cc1,646
COc1ccc(CNCc2cccc(c2)[Cl])cc1,647
C(CNCc1ccccc1[Cl])c1c[nH]c2ccccc12,648
CCc1ccc(CNCCc2ccc(cc2)OC)cc1,649
COc1cc(CNCc2ccc(cc2)F)cc(c1OC)OC,650
COc1ccc(CNCc2ccc(cc2)F)c(c1)OC,651
COc1ccc(CNCc2ccc(cc2)F)cc1,652
COc1cc(CNCc2cc(ccc2F)F)cc(c1OC)OC,653
COc1cccc(CNCc2ccccc2OC)c1,654
COc1ccc(CNCc2ccc(c3ccccc23)OC)cc1,655
COc1ccccc1CNCc1ccc(cc1)C(F)(F)F,656
COc1ccc(CNCc2c(cccc2F)F)cc1OC,657
COc1ccc(CCNCc2ccccc2C(F)(F)F)cc1,658
COc1ccc(CNCc2ccccc2C(F)(F)F)cc1OC,659
COc1ccc(CNCc2ccc(cc2)[Br])cc1,660
COc1cccc(CNCc2c(cccc2F)F)c1OC,661
COc1ccccc1CNCc1ccc(c(c1)[Br])OC,662
COc1ccc(CCNCc2ccc(cc2)C(F)(F)F)cc1OC,663
COc1ccc(CNCc2cc(ccc2OC)[Br])cc1,664
COc1cc(CNCc2cccc(c2)C(F)(F)F)cc(c1)OC,665
COc1cccc(CNCc2cccc(c2)F)c1OC,666
COc1cccc(CCNCc2ccc(cc2)C(F)(F)F)c1,667
C(c1ccncc1)NCc1ccc2c(c1)OCO2,668
COc1cc(CNCc2ccc(c(c2)[Br])OC)cc(c1)OC,669
COc1cccc(CNCc2ccccc2C(F)(F)F)c1OC,670
Cc1cc(CNCc2ccc(c(c2)OC)OC)ccc1OC,671
c1ccc(cc1)c1c2c(N)ncnc2oc1c1ccccc1,672
c1ccc2c(c1)nc(c1ccc(cc1)N)s2,673
CCCCc1ccc(cc1)n1nc2ccc(cc2n1)N,674
Cc1ccccc1NCC(Cn1c(C)c(C)c2ccccc12)O,675
Cc1c2ccccc2n(CC(CNc2ccc(cc2)[Br])O)c1C,676
Cc1ccc(C)c(c1)NCC(Cn1c(C)c(C)c2ccccc12)O,677
CCC(CO)NCC(CN1c2ccccc2Sc2ccccc12)O,678
Cc(ccc(NC(N1CCCCC1)=O)c1)c1NC(N1CCCCC1)=O,679
Cc1ccc(cc1)S(N(CC(CN1CCCCC1)O)c1cccc2ccccc12)(=O)=O,680
CCC(CC)(C(N)=O)SCC=C,681
Cc1cc(c2cccc(c2n1)OC)Nc1cccc(c1)C(F)(F)F,682
Cc1cc(COC)c2c(c(C(Nc3ccc(cc3)[Cl])=O)sc2n1)N,683
CSC(N1NC(c(cc2)ccc2Cl)N=C11)=NC=C1C#N,684
Cc1c(C(NN/C(/SC)=N/S(c2ccccc2)(=O)=O)=O)c(-c(c(Cl)ccc2)c2Cl)no1,685
N#CC1=C(Nc(cccc2)c2Cl)SC(c2ccncc2)NC1=O,686
CCOCCSc1nc(c2c3CC(C)(C)OCc3sc2n1)N,687
C(C(c1ccc(cc1)N)=O)C1(C(N(Cc2ccc(cc2)[Cl])c2ccccc12)=O)O,688
CCc1ccc(c2c3CCCCc3nc(c2C#N)N)s1,689
CCc1c(cc(c2c3CCCCc3nc(c2C#N)N)s1)[Br],690
CCOC(C(Cc1nc(cccc2)c2s1)=O)=O,691
CC(C1COc2ccccc2O1)NCc1ccccc1,692
C(CN1CCOCC1)Nc1cccc2C(c3ccccc3C(c12)=O)=O,693
C1C(=CNc2ccccc2)C(OC=1c1ccccc1)=S,694
CCOC(c1c(C)c2c(Nc3ccc(cc3)F)nc(C)nc2s1)=O,695
CCc1n(CC(COC2CCCCC2)O)c2ccccc2[n+]1C,696
CCc1n(CC(COc2ccccc2OC)O)c2ccccc2[n+]1C,697
Cc1ccc(c(CC=C)c1)OCC(Cn1c2ccccc2nc1C)O,698
CC(N1CCN(CC1)CC(COc1ccc(C)cc1)O)=O,699
Cc1nccn1Cc1ccccc1n1ccnc1c1cc2CNCCn2n1,700
CCS(Nc1ccc(cc1)C(N1CC[C@@](C)([C@H](C1)O)O)=O)(=O)=O,701
C1CNCc2cccc(c3cncnc3)c12,702
CC(c1ccc(cc1)c1ccc(cc1)c1nnc(N)s1)N1CCOCC1,703
Cn1c(CCNc2c3CCNCCc3nc(c3ccccn3)n2)ncn1,704
COc1ccccc1OC1CCN(CC1)Cc1cccc(CCN)c1,705
C1CSCCN1S(c1ccc(cc1)c1ccc2c(c1)c(N)n[nH]2)(=O)=O,706
Cc1nc(c2c3CCCCc3sc2n1)NCCc1ccccc1,707
Cc1ccccc1Nc1c2ccccc2nc(c2cccnc2)n1,708
CN(C)CCNc1c2ccccc2nc(c2cccnc2)n1,709
CC1c2ccccc2C(N(CC(NCCCc2nnc(N)s2)=O)N=1)=O,710
CC(Nc1cccc(c1)c1ccc(c(c1)F)NC(CN)=O)=O,711
Cc1cc(C)c(c(C)c1)c1cc(CN)ccc1F,712
C1COCCN1CC(COc1ccc2C(c3ccccc3C(c2c1)=O)=O)O,713
Cc1cc(C)n(CC(COc2ccc(cc2)[Cl])O)n1,714
Cc1ccc(cc1)S(N(CC(CN1CCCCC1)O)c1ccccc1OC)(=O)=O,715
Cc1cc2NC(CN3CCC4(CC3)C(Cc3ccccc34)O)=CC(n2n1)=O,716
C1CN(CCN(C1)C(c1ccoc1)=O)C1CCC2(CC1)CCNCC2,717
C[As](c1cc(C(O)=O)ccc1)(O)=O,718
NC(NC(Nc(cc1)ccc1Cl)=S)=N,719
Cc(cc1)ccc1C1=CSSC1=S,720
C(c1ccc(cc1[Cl])[Cl])c1cnc(N)s1,721
CC(C)CC1CC(C)(c2csc(Nc3ccccc3)n2)OC1=O,722
COc1ccccc1CNCc1cc(ccc1OC)[Br],723
c1ccnc(c1)c1csc(Nc2ccc(cc2)C(O)=O)n1,724
Cc1c(c2csc(Nc3ccc(cc3)[Cl])n2)n2ccccc2n1,725
Cc1c(c2csc(Nc3ccc(cc3)N(C)C)n2)n2ccsc2n1,726
Cc1c(c2csc(Nc3ccc(cc3)[Br])n2)sc(N)n1,727
CN(C)c1ccc(cc1)Nc1nc(cs1)c1ccc(cc1)OC,728
CCc1cc(nc(n1)N1CCCC1)N1CCC(CC1)NCCn1ccnc1,729
CC1=CC(C)=NC(N1CCNC1CCC2(CC1)CCNCC2)=O,730
C1CN(CCN(C1)c1ccc(cc1)F)C([C@@H](Cc1ccccc1)N)=O,731
C1CN(CCN(C1)c1nccc(n1)N1CCC(C1)O)Cc1cccc(c1)F,732
CCC(CO)N(Cc1ccccc1C)Cc1ccccc1C(O)=O,733
Cc1cnccc1NCCn1ccnc1c1cc2CNCCn2n1,734
C1CN(CCC1C(c1ccccn1)O)C(CN1C(CNC1=O)=O)=O,735
CC1CC2(CC(C)(c3csc(NCC=C)n3)OC2=O)C(=O)O1,736
Cc1nc2CNCCc2c(NCCc2csc(c3cccnc3)n2)n1,737
Cc1cc(C)n(C2CN(C2)c2c3CCCCc3nc(N)n2)n1,738
C(Cc1ccccc1)CN1CCCN(CC1)c1cc(N)nc(N)n1,739
CCC(c1ccnn1C)NCc1ccc(c(CC=C)c1)OCC,740
Cc1ccc(C)c2c1c(cc(CNCCN1CCNC1=O)n2)O,741
Cc1cccc(c1OCCNC(c1cn(CCN)nn1)=O)[Cl],742
Cc1ccc(CN(C)CC(N2CCC(CC2)N2CCC(CC2)O)=O)cc1,743
C1CN(Cc2cc3cc[nH]c3cn2)Cc2cc(C(NCCO)=O)nn2C1,744
C1COC(CNCc2ccccc2)c2ccccc12,745
C1CC(CC2CC2)(CN(C1)C1CSCCSC1)CO,746
COc1ccc2cc(ccc2c1)C1CN(CCO1)C(c1cc(N)[nH]n1)=O,747
CC(C)[C@@H]1CN(Cc2cccc(CCN)c2)C[C@H]1N(C)C,748
CCNC(c1cccc(c1)c1ccc(cc1CN)F)=O,749
C(Cn1cc(C(NCc2nc(c3ccc4c(c3)OCO4)on2)=O)nn1)N,750
C(CC(N1CC2(CCNCC2)CC1C(O)=O)=O)Cc1cn[nH]c1,751
Cc1cc(Nc2ccccc2[Cl])nc(c2ccccc2O)n1,752
COC(c1cccc(c1)Nc1c2ccccc2nc(c2ccccc2O)n1)=O,753
[H]c1nc2CCNCCc2c(n1)N1CCC(C1)(c1ccccc1)O,754
C(C(CNc1cc(c2ccccc2)nc2ccnn12)CO)c1ccsc1,755
C1CCN(C1)C[C@@H]1CN(Cc2ccc(cc2)c2nn[nH]n2)C[C@@H]1CO,756
CCCCN1CCC(CC1)(C#N)Nc1ccccc1,757
C1CNCc2c1c1c(NCc3cc(c4ccco4)on3)ncnc1s2,758
Cc1nc(CCN)cc(n1)N(C)Cc1cccc2cnccc12,759
C(CNCC1(CCNC1)O)CNc1cccnc1,760
C1CN(Cc2c3cccc(c3[nH]c12)[Cl])c1nc(CO)cs1,761
CCN(CCn1cccn1)C(c1ccc(cc1)C1CCCNC1)=O,762
Cc1nc2CNCc2c(NCCCN2CCCC2=O)n1,763
CC1=CC(C)=NC(N1CCNc1nccc(n1)N1CCC(C1)O)=O,764
Cc1ccc(cc1[Cl])c1nc2cc(ccc2o1)N,765
Cc1c(cccc1N)c1nc2cc(ccc2o1)[Cl],766
Cc1cc(COC)c2c(c(C(Nc3ccccc3[Cl])=O)sc2n1)N,767
C(c1ccccc1)NC(Cn1c2ccccc2nc1c1c(N)non1)=O,768
Cc1ccc2c(c1)c1CCCC(CN)c1[nH]2,769
COc1cccc(c1c1cc(CN)ccc1F)[Cl],770
C1CCc2c(C1)c(c1c(c(C(Nc3cccc(c3)F)=O)sc1n2)N)c1ccco1,771
Cc1cc(c2cc(ccc2n1)[Cl])Nc1ccc(cc1)C(O)=O,772
CCOC(c1cccc(c1)Nc1c2ccccc2ncn1)=O,773
CCOC(c1cnc2c(C)cc(C)cc2c1NCCCN1CCOCC1)=O,774
Cc1cc(C)c2c(c1)c(cc(C)n2)Nc1ccc(cc1)C(=O)OC,775
CS(c1c(c2c(cc(c3ccccc3)nc2s1)c1ccccc1)N)(=O)=O,776
C(CCO)CN1C(C2CC=C(CC2C1=O)[Cl])=O,777
CCN(CC(Cn1c2ccccc2c2ccccc12)O)S(c1ccc(cc1)[Cl])(=O)=O,778
Nc1nc(C2C=CCCC2)nc(N)n1,779
c1ccc(c(c1)c1nc2ccc(cc2s1)N)[Br],780
Cc1c(c2csc(Nc3ccccc3)n2)n2cccnc2n1,781
CC(c1cccc(c1)Nc1nc(cs1)c1ccc(cc1)[Cl])=O,782
Cc1c(cccc1[Cl])Nc1nc(cs1)c1c(C)nc(N)s1,783
CC1CCc2c(C(Nc3ccccc3C)=O)c(N)sc2C1,784
CC(c1cccc(c1)Nc1cc(C)nc2ccc(C)cc12)=O,785
Cc1ccc(cc1)Nc1cc(C)nc2ccc(C)cc12,786
CC(C)(C)c1ccc(cc1)c1nc(c2ccccc2n1)NCc1cccnc1,787
Cc1ccc2c(c1)c(c1CCCc1n2)Nc1cccc(c1)O,788
CC(C1C(c2cccc(c2)OC)N(CO)C(C=1O)=O)=O,789
Cc1c(C(OC)=O)nc(-c(nc2C(C(N)=C3OC)=O)ccc2C3=O)c(N)c1-c(ccc(OC)c1OC)c1O,790
Cc(cc1)cc(S(N)(=O)=O)c1/N=N/c(cc1)c(C)cc1N,791
c1ccc2C(c3c(C(c2c1)=O)c(cc(c3N)[Cl])[Cl])=O,792
CSC(NC(Cl)=C1)=NC1=O,793
[H]N(c1ccccc1[Cl])c1nc(C)c(C(=O)OCC)s1,794
Cc1c(non1)OCCNCc1nnc(c2ccc(C)n2C)o1,795
Cc1cc(c(cc1[Cl])OC)NC(c1ccccc1C1CCNC1)=O,796
Cc1cc(c2cc(ccc2n1)C(=O)OC)Nc1cccc(c1)O,797
CCOC(c1cnc2ccc(cc2c1Nc1ccc(cc1)N(C)C)C(=O)OC)=O,798
CCOC(c1ccc2c(c1)c(cc(C)n2)Nc1ccc(cc1)N(C)C)=O,799
CCOC(c1ccc2c(c1)c(cc(C)n2)Nc1cccc(c1)O)=O,800
CCOC(c1ccc2c(c1)c(c(cn2)C(=O)OCC)Nc1ccc(cc1)N(C)C)=O,801
Cc1c2ccccc2n(CC(Cn2c(C)c(c(C)n2)[Br])O)c1C,802
CC[C@]1(CCN(C[C@H]1O)C(c1cc(c2ccccn2)n[nH]1)=O)O,803
Cc1c(CN2CC3(CCNCC3)OC2=O)nc2ccccc2n1,804
CC(C1C(c2ccc(cc2)[Br])N(CCO)C(C=1O)=O)=O,805
CCc1nc2cc(cnc2[nH]1)c1cc(NCCO)nc2c1cc[nH]2,806
CCc1ccc(cc1)C(NCC1CCN(CC=1)CC(C)O)=O,807
C1CN(CC(C(O)=O)N1)c1nnnn1c1ccc(cc1)Oc1ccccc1,808
COc1ccc(c(c1)OC)c1csc(NCC=C)n1,809
CCC1CN(CCN1C(C)C)Cc1cccc(CCN)c1,810
CCC(CO)N(Cc1ccc(cc1)F)Cc1cc(c(c(c1)[Cl])O)OC,811
C1CCN(CC1)CCNC1=C2CCCC2=C(C#N)c2nc3ccccc3n12,812
C(CNc1cccnc1)CNc1c2ccccc2nc(CCN)n1,813
C1CC(CN(C1)c1c(ccc(c2ccc(cc2)F)n1)C(O)=O)(CO)O,814
Cc1nccn1CCC1CCCCN1Cc1cccc(CCN)c1,815
Cc1c(CC=C)c(nc(N)n1)N1CCN(CC1)c1c2c(ncn1)[nH]cn2,816
Cc1ccsc1CN(CCN(C)C)C(CN)=O,817
CCN1C(NC(C12CCN(CC2)Cc1cc2CNCCCn2n1)=O)=O,818
Cc1ccc(cc1)NC(C)(C(NCCCc1nnn[nH]1)=O)c1ccccc1,819
C1CN(CC=C1)c1c2CCN(CCc2nc(c2ccco2)n1)C(CN)=O,820
c1ccc2c(cccc2c1)c1nc2cc(ccc2o1)N,821
c1ccc2c(c1)nc(c1cccc(c1)N)s2,822
CCN(CC)CCCNc1c2c3CCCCc3sc2ncn1,823
C(CCNc1c2c3CCCCc3sc2ncn1)CCO,824
CCOC(c1cnc2ccc(cc2c1Nc1ccc(cc1)N(C)C)[Br])=O,825
CCOC(c1cnc2ccc(C)cc2c1Nc1ccc(cc1)N(C)C)=O,826
CCOC(c1cnc2c(C)cccc2c1NCc1cccnc1)=O,827
Cc1cccc2c(cc(C)nc12)Nc1ccc(cc1)N(C)C,828
Cc1cnc(N)nc1NCC[C@@H]1C[C@H]2C[C@@H]1C=C2,829
[H]N1CCn2c(C1)cc(CNS(c1ccc3c(c1)N(C)C(N3C)=O)(=O)=O)n2,830
C1C[C@H](CO)N(C1)Cc1cccc(c1)C(Nc1nc2ccccc2s1)=O,831
CCC(Cn1c(CN2CCOc3ccccc3C2)nc(c2ccco2)n1)O,832
C1CC(CN(C1)CCNC(Nc1cccc(c1)c1cccc(c1)[Cl])=O)CO,833
C1CN(CCC1Nc1c2CNCc2nc(c2cccnc2)n1)Cc1ccccc1,834
CC(C)Cc1ccc(cc1)c1c2C(C(C#N)=C(N)Oc2[nH]n1)c1ccco1,835
Cc1nc(c2c(c3cc4COC(C)(C)Cc4nc3s2)n1)NCC=C,836
C(CN)CN1C(CC[C@H]2CN(CC[C@@H]12)C(CCc1ccco1)=O)=O,837
C1CCC2C(C1)=C(C#N)c1nc3ccccc3n1C=2NCCN1CCOCC1,838
C=CCNC(NCC=C)=S,839
Cc1ccc(cc1)N1CCN(CC1)CC(COCCOC)O,840
CCOc1cc(CNCCc2cccc(c2)OC)ccc1OC,841
C(CNCc1cccnc1)c1c[nH]c2ccccc12,842
COc1ccccc1CCNCc1ccc(cc1)C(F)(F)F,843
Cc1cc(ccc1NCc1cccnc1)[Br],844
CSc1ccc(CNCCc2c[nH]c3ccccc23)cc1,845
C(CNCc1ccc2ccccc2c1)c1c[nH]c2ccccc12,846
CCOc1cc(CNCCc2cccc(c2)[Cl])ccc1OC,847
C(c1ccc(cc1)F)NCc1ccc2c(c1)OCO2,848
C(CNCc1ccc2c(c1)OCO2)c1c[nH]c2ccccc12,849
COc1cc(CNCCc2c[nH]c3ccccc23)cc(c1)OC,850
[O-][N+](c(cc(cc1)[As](c(cc2)cc([N+]([O-])=O)c2O)(O)=O)c1O)=O,851
CC[n+]1cn(CC(COc2ccccc2)O)c2ccccc12,852
CC[n+]1cn(CC(COc2cccc(c2)OC)O)c2ccccc12,853
Cc1nc(SC)nc(N2CC2)c1Br,854
CC1(C)CC2=C(C(C1)=O)C1(C(=C(N)O2)C(=O)OC)C(N(CC=C)c2ccccc12)=O,855
Cc1c2c([nH]n1)OC(=C(C#N)C21C(N(C)c2ccccc12)=O)N,856
COc1ccc(CCNc2c3c4CCCCc4sc3ncn2)cc1,857
Nc(cc1)ccc1NC(Nc1ccccc1)=S,858
O=C(C=C(c1nnn[nH]1)N1)NC1=O,859
CCCCCCCCNc1cccc(c1)[Br],860
Cc1nc2cc(c(cc2n1CCCO)[Cl])[Cl],861
CCOC(c1c2c(nc3ccccc3n2)n(c2cccc(c2)[Cl])c1N)=O,862
C1CCC(CCNc2c(NS(c3ccccc3)(=O)=O)nc3ccccc3n2)=CC1,863
CCCCNCC(COc1c(ccc2c3C(N4CCCCCC4=Nc3sc12)=O)[Br])O,864
CCN(CC)CC(COc1c(ccc2c(C(=O)OCC)c(NC(C)=O)sc12)[Br])O,865
CCOC(c1c(C)c(C)sc1NC(CNCc1ccccc1)=O)=O,866
C(CC(O)=O)CNc1ccc(cc1)S(O)(=O)=O,867
c1cc(c(cc1c1ccc(c(c1)N)N)N)N.O.O.[Cl].[Cl].[Cl].[Cl],868
c1ccc2C(N=C(c2c1)N)=NN,869
C1CNC(c2ccccc2)c2c1c1ccccc1[nH]2,870
CCCCN1CCc2c(c3cc(ccc3nc12)[Br])N.[Cl],871
Cc1ccc2c(c1)c(c1CCN(c3ccccc3)c1n2)N.C(C(O)=O)(O)=O,872
c1ccc(cc1)Oc1ccc(cc1N)C(c1ccc(c(c1)N)Oc1ccccc1)=O,873
C(C(CN=Cc1ccccc1O)O)N=Cc1ccccc1O,874
CCOC(c1cnc2ccc(cc2c1Nc1cccc(c1)C(C)=O)[Cl])=O,875
CCOC(c1cnc2ccc(cc2c1Nc1ccc(cc1)N1CCOCC1)[Cl])=O,876
CCN(CC(COc1ccc2ccccc2c1)O)S([O-])(=O)=O.[K+],877
CCOC(c1cnc2ccccc2c1Nc1cc(ccc1C)C(O)=O)=O,878
CCOC(c1cnc2ccccc2c1Nc1ccc(cc1)N1CCOCC1)=O,879
CCOC(c1cnc2ccc(C)cc2c1NCC(C)O)=O,880
CCOC(c1cnc2c(C)cc(C)cc2c1NCC(C)O)=O,881
c1cc(ccc1c1c(c2ccc(cc2)F)nc2cc(ccc2n1)Oc1ccc(cc1)N)F,882
C1CCN(CC1)Cc1c(CN2CCCCC2)n(c2c(N)non2)nn1,883
c1ccc(cc1)C(c1cc(ccc1N)Sc1ccc(c(c1)C(c1ccccc1)=O)N)=O,884
Cc1ccc2c(c1)sc(c1ccc(cc1)N)n2,885
C(C(NN=Cc1cc2ccccc2nc1[Cl])=O)Nc1ccc2ccccc2c1,886
C(C(NN=Cc1c(cccc1[Cl])[Cl])=O)Nc1cccc2ccccc12,887
Cc1ccc2c(c1)c1CCCC3c1n2CCN3CC(CN1CCN(CC1)C(c1ccco1)=O)O,888
c1ccc(cc1)C(C(c1ccccc1)=NNC(c1cccc(c1)[Cl])=O)O,889
CCCCCc1ccc(cc1)c1ccc(cc1)c1ncc(cn1)N,890
c1ccc2c(ccc(c2c1)Oc1ccc(cc1[Cl])N)[Cl],891
C(CN1CCN(CC1)CCO)C(N1c2ccccc2Sc2ccc(cc12)C(F)(F)F)=O.[Cl].[Cl],892
COc1ccc(cc1)c1cc2ccccc2n1CC(CNCC1CCCO1)O,893
CCOC(CNc1ccc(cc1)Oc1ccc(cc1)Oc1ccc(cc1)NCC(=O)OCC)=O,894
c1ccc2C(=O)OC(c2c1)Nc1ccc(cc1C(F)(F)F)[Cl],895
Cc1ccc(cc1NC1c2ccccc2C(=O)O1)[Cl],896
C(Cc1nc2NC(=CC(c3ccc(cc3)[Cl])n2n1)c1ccccc1)CO,897
C1CCC2C(C1)=C(C#N)c1nc3ccccc3n1C=2NCCOCCO,898
CC(c1ccc(cc1)Oc1ccc(cc1)N)=O,899
CCCCc1c(CCC)c(c2ccccc2n1)NC(CNC(C)(C)C)=O.C(C(O)=O)(O)=O,900
Cc1c(C)c(C)nc2c1c(c(C#N)s2)N,901
C1CCC2(CC1)Cc1ccccc1c1c2c(N)nc(NN)n1,902
C(CCN=Cc1ccccc1N)CN=Cc1ccccc1N,903
C(CSC1=C(c2ccccc2)c2cc(ccc2NC1=O)[Cl])O,904
C1CN(CCN1CC=Cc1ccccc1)CC(Cn1c2ccccc2c2ccccc12)O,905
C1C2CC3CC1CC(C2)(C3)N1CCNCC1,906
C1CCN(CC1)CC(Cn1c2ccc(cc2c2cc(ccc12)[Cl])[Cl])O,907
CC12CCC(CN(CC(Cn3c4ccc(cc4c4cc(ccc34)[Br])[Br])O)C1)C2(C)C,908
c1ccc(cc1)c1c(cn(c2ccccc2)n1)C(Nc1cc(cc(c1)Oc1ccccc1)N)=O,909
Cc1ccc(cc1)NCCCC(NN=Cc1cccs1)=O,910
c1ccc2c(c1)ccc(c2[Cl])Sc1ccc(cc1[Cl])N,911
c1ccc2c(c1)C(Nc1cccc(c1)OC(c1ccco1)=O)=NS2(=O)=O,912
C1CC[N+](CC1)CCCCCSc1ccc(cc1)O.[O-][Cl](=O)(=O)=O,913
c1cc(c2ccc(c(c2c1)S(O)(=O)=O)N)S([O-])(=O)=O.[Na+],914
c1cc(ccc1C(Nc1ccc(cc1)Oc1ccc(cc1)NC(c1ccc(cc1)N)=O)=O)N,915
[H]N([H])c1c(C#N)c2c(nc3ccccc3n2)n1Cc1ccccc1,916
Cc1cc(C)n(CNc2ccc(cc2)I)n1,917
CC(C)(C(COc1cccc2C(=CC(N(C)c12)=O)OC)O)O,918
Cc1cc(C)n(c2cc(NCCO)ncn2)n1,919
COc1ccc(cc1)OCC(CN1CCN(CC1)c1ccccc1)O.[Cl].[Cl],920
Cc1cc(c(C)cc1CN1CCC(CC1)O)OC.C(C(O)=O)(O)=O,921
CCCCCCOC(C1CN1C(C)(C)CO)=O,922
C1CC(CN(C1)Cc1cccc(c1)[N+]([O-])=O)O,923
CC(Nc1ccc(cc1)S(N(CCO)Cc1ccccc1)(=O)=O)=O,924
C1CN(CCC1O)Cc1ccccc1[N+]([O-])=O,925
Cc1ccc2c(c1)c1CCCC3c1n2CCCN3,926
C1CC(N(CNc2ccc(c(c2)[Cl])[Cl])C1=O)=O,927
C(C(CO)(CO)NC(Nc1cccc(c1)[Cl])=O)O,928
CC(C)(C)NCC(Nc1c2CCCCc2nc2CCCc12)=O.C(O)=O.C(C(O)=O)(O)=O,929
COc1c(c(c(c(c1F)F)c1csc(N)n1)F)F,930
CC1=CC(C)(C)Nc2ccc(cc12)OC(c1ccc(cc1)OC)=O,931
c1cc(c(cc1[Cl])[Cl])c1nnc(N)s1,932
C(C1=C(N)Oc2cc(ccc2C12C(Nc1ccc(cc12)[Br])=O)N)#N,933
C1CN(CCN1CC(Cn1c2ccccc2c2ccccc12)O)Cc1ccccc1,934
C(C(c1ccccc1)O)N=Cc1ccc(cc1)[Br],935
COc1ccc(cc1)c1nnc(N)s1,936
CC1(C)CC2=C(C(c3ccc(cc3)[Br])Nc3ccccc3N2)C(C1)=O,937
CC1(C)CC2=C(C(c3nc4ccccc4[nH]3)Nc3ccccc3N2)C(C1)=O,938
C(c1cccs1)=NNC(c1ccccc1N)=O,939
CC(c1ccc(cc1)N)=NNc1nc(C)cc(c2ccccc2)n1,940
Cc1ccc(cc1)c1csc(N)n1,941
CCCCOc1ccc(CSCCN)cc1.[Cl],942
C(C(NN)=O)Nc1ccc(cc1[Br])[Cl],943
C1c2ccc3ccccc3c2c2c(CN1)ccc1ccccc12,944
Cc1cc(ccc1NCC(NN)=O)I,945
Cc1cc(ccc1NCC(NN)=O)[Cl],946
CC1CCCCC1=NNC(CNc1ccc(cc1C)I)=O,947
c1cc(c2ccc3c(c(C(Nc4ccc(c(c4)F)F)=O)sc3n2)N)sc1,948
c1cc(cc(c1)F)NC(c1c(c2ccc(c3ccncc3)nc2s1)N)=O,949
CCOC(CNc1ccc(cc1C)[Cl])=O,950
c1cc(ccc1c1cc(C(NN)=O)c2cc(ccc2n1)[Br])N,951
C1CCC(CC1)N(CCO)S(c1ccc(cc1)[N+]([O-])=O)(=O)=O,952
CCCCOc1ccc(cc1)c1ncc(cn1)N,953
Cc1ccccc1Cn1c2ccccc2nc1c1c(N)non1,954
Cc1cccc(C)c1OCC(CN(c1ccccc1OC)S(c1ccccc1)(=O)=O)O,955
CCCCNc1c2c(c3c4CCCCc4c(nc3s2)N2CCOCC2)nnn1,956
C1CCc2c(C1)c1c3c(c(NCc4ccco4)ncn3)sc1nc2N1CCOCC1,957
Nc(cc1)ccc1NC(c(cc1)ccc1C(Nc(cc1)ccc1N)=O)=O,958
COc(cn1)c(Nc(cc2)ccc2C#N)nc1SC,959
Nc1c(NCCO)ncnc1Cl,960
Brc(cc1)ccc1-c1csc(/N=C2/SC=C(c(cc3)ccc3Br)N2)n1,961
CCOc1cc(CNCCc2cccc(c2)F)ccc1OC,962
C1CCc2c(C#N)c(N)sc2CC1,963
CCCNC(c1c2CCCCCc2sc1N)=O,964
CCCCOC(C1=C(N)OC2CC(C)(C)CC(C=2C12C(Nc1ccccc12)=O)=O)=O,965
CCCCOC(C1=C(N)OC(C)=C(C(=O)OCC=C)C12C(Nc1ccccc12)=O)=O,966
CC1=CC(C)=NC(N1CC(Cn1c2ccccc2c2ccccc12)O)=O,967
COc1cccc(CN2CCC(CC2)N2CCN(CC2)CCO)c1,968
COc1ccc(cc1CN1CCC(CC1)N1CCN(CC1)CCO)[Br],969
CCn1c2ccccc2c2cc(CN3CCC(CC3)N3CCN(CC3)CCO)ccc12,970
COc1ccc(CN2CCC(CC2)N2CCN(CC2)CCO)cc1OCc1ccccc1,971
Cc1c2cc(CNC(c3cc(N)[nH]n3)=O)ccc2[nH]c1c1ccccc1F,972
Cc1ccc(cc1)C(NCCNc1ccc(cc1[N+]([O-])=O)[Cl])=O,973
C1CCCC(CC1)N[C@@H]1CC[C@@H]1NC(c1ccccc1N1CCOCC1)=O,974
CC1CC2(CC(C)(c3csc(Nc4ccccc4C)n3)OC2=O)C(=O)O1,975
CCN(CC(Cn1c2ccccc2c2ccccc12)O)S(c1ccc(cc1)F)(=O)=O,976
C(C(Cn1c2ccccc2c2ccccc12)O)N(Cc1ccco1)S(c1ccc(cc1)F)(=O)=O,977
CCCc1ccc(cc1)c1ccc(cc1)C(N1CCC(CN)C1)=O,978
CC(NC(N)=NCCCC(C(O)=O)N)=O,979
CC(C)C1Cc2c3c(N)nc(nc3sc2CO1)SCc1ccccc1,980
C(c1cnn(c2ccc3ccccc3c2)c1N)#N,981
[H]N([H])C12CC3CC(C1)CC(C3)(C2)n1cncn1,982
C1CCC(C1)NCC(COc1ccc(cc1)OCC(CNC1CCCC1)O)O,983
CCCn1c2ccccc2nc1C(c1ccc(cc1)OC)O,984
C(C(Cn1c2ccccc2nn1)O)n1c2ccc(cc2c2cc(ccc12)[Cl])[Cl],985
C=CCC(CC=C)(c1ccc(cc1)C(CC=C)(CC=C)N)N,986
[H]N([H])c1nc(n[nH]1)SCCCCCCCCC,987
CC(C12CC3CC(CC(C3)C2)C1)NCc1nc2ccccc2n1C,988
C(c1ccccc1)Oc1ccc(cc1)C1Nc2cccc3cccc(c23)N1,989
Cc1ccc(cc1)C(CCNCc1ccc(cc1)OC)c1ccco1,990
C1CN(CCN1)c1cc(ccc1[Cl])[N+]([O-])=O,991
COc1cc(c(cc1NC(C(NCCN1CCNCC1)=O)=O)OC)[Cl],992
CC(c1ccccc1)NC(CC(C)=C)c1ccco1,993
CC(=C)CC(c1ccc(cc1)OC)NCc1ccco1,994
C(c1ccco1)Nc1cccc(c1)[Cl],995
C=CCC(c1ccco1)Nc1ccc(cc1)F,996
C(=Cc1ccc(cc1[Cl])[Cl])C(c1cccc(c1)N)=O,997
CCOC(c1cnc2c(cccc2c1Nc1cc(C)ccc1O)C(F)(F)F)=O,998
CCOC(c1cnc2c(cccc2c1Nc1ccc(cc1)N(C)C)C(F)(F)F)=O,999
CCOC(c1cnc2c(C)c(ccc2c1NCCN(C)C)[Cl])=O,1000
CC12CC(C)(CNC1)CN(Cc1ccc(cc1)[Br])C2.C(=CC(O)=O)C(O)=O,1001
CN1CCc2c(c3ccccc3nc12)NC(CNCCc1ccc(c(c1)OC)OC)=O.C(C(O)=O)(O)=O,1002
Cc1ccc(C(NCCNc2ccc(cc2[N+]([O-])=O)[Cl])=O)o1,1003
C(C(Cn1c2ccccc2c2ccccc12)O)NNC(c1ccccc1)=O,1004
CC(C)(C)CC(C)(C)NCC(Nc1c2CCCc2nc2ccccc12)=O,1005
COC(CCCCC1C(C(CS1)N)N)=O.[Br].[Br],1006
CCCCNCCOc1ccccc1OCC.C(C(O)=O)(O)=O,1007
CC(C)(C)NCCOc1ccc(cc1)[Br].[Cl],1008
Cc1ccc(c(c1)[Cl])OCCNC(C)(C)C.[Cl],1009
CCCCNCCOc1ccccc1F.C(C(O)=O)(O)=O,1010
Cc1cc(ccc1OCCNCCCOC)[Cl].C(C(O)=O)(O)=O,1011
Cc1ccc(cc1)NC1CS(C=C1)(=O)=O,1012
C1CCN(CCN)C(C1)CCc1cccs1,1013
C(Cc1cccnc1)C(N1Cc2cnn(CCO)c2C1)=O,1014
NC(NC(c1ccccc1)=O)=S,1015
C1CCN(CC1)c1ccccc1N,1016
CC1=Nc2ccccc2C(N1CCNc1cccc2ccccc12)=O,1017
CC(c1ccc(cc1)N)=NNC(c1cc(c2ccc(cc2)OC)n[nH]1)=O,1018
CCCN(CCC)Cc1ccc(cc1)C(N1CCOC(CCN)C1)=O,1019
CC(c1ccc(cc1)N)=NNC(c1cc(C23CC4CC(CC(C4)C3)C2)n[nH]1)=O,1020
[H]N([H])c1c(C#N)c(C(=Cc2cc3ccccc3nc2N2CCCCC2)C#N)nn1c1ccccc1,1021
CCNC(Cc1ccc(cc1)c1cc2CC(CN)Oc2c(c1)[Cl])=O,1022
C(c1ccc(cc1)c1ccccc1)NC([C@@]12CNC[C@H]2CNC1)=O,1023
C1Oc2ccc(cc2O1)c1cc(c(C#N)c(N)n1)c1ccco1,1024
C(CN1CCOCC1)C(Nc1ccc(cc1C(c1ccccc1)NCC(NN)=O)[Br])=O,1025
C1CC1c1nc2ccccc2n1CC(NCc1cc2CNCCn2n1)=O,1026
Cc1nc2CNCCc2c(NCCOCc2ccc(cc2)[Cl])n1,1027
CCc1nc2CCN(CCc2c(N[C@H](C)c2ccccc2)n1)C(CN)=O,1028
CC(C)(C=C(C)N1c2c(ccc(S(O)(=O)=O)c3)c3ccc2)NC1=S,1029
C(CNC(c1cn(CCN)nn1)=O)c1csc(c2cccnc2)n1,1030
CCCOc1ccccc1Nc1c2ccccc2nc(C(=O)OCC)n1,1031
C(C(Cn1c2ccc(cc2c2cc(ccc12)[Br])[Br])O)NCc1ccco1,1032
[H]N(Cc1cc(c(c(c1)[Cl])OCC(N)=O)OC)c1ccc(cc1)N1CCOCC1,1033
COc1cc(CNc2nccs2)cc(c1OCc1ccc(cc1)F)[Br],1034
CCn1c2ccccc2c2cc(CN3CCNCC3)ccc12,1035
C(CN)c1nc(c2ccccc2n1)NCc1cn[nH]c1c1cccs1,1036
C(CCO)CN(Cc1ccccc1)c1c2ccccc2nc(CCN)n1,1037
Cc1c(C)nc2cc(ccc2n1)NC(NCCCO)=S,1038
Cc1cc(nc(N)n1)N1CCN(CC1)C(CCc1cc2CNCCn2n1)=O,1039
CCCCCn1c(NC(N)=NC2=S)c2nc1,1040
COc1c(cc(cc1[Cl])c1cn(CCN2CCNCC2)nn1)F,1041
CNC(c1cc(ccc1[Cl])c1ccccc1CO)=O,1042
Cc1c2c(nc(CCN)nc2sc1C)N(CCN(C)C)Cc1ccccc1,1043
CC(C)CCn1c(CNC(C2CC3(CCNCC3)CN2)=O)nc2cccnc12,1044
CCCCc1c2COC(C)(C)Cc2c(C#N)c(NCCN2CCOCC2)n1,1045
C(c1ccccc1)c1ccccc1OCCN.[Cl],1046
Cc1ccc2c(c1)c1CCCC(c1n2CC(CN1CCCCCC1)O)=O,1047
Cc1c(cccc1[Cl])NCCC(c1ccc(cc1)[Br])=O,1048
Cc1ccc(cc1)c1nc(CNc2cccc(c2)[Cl])on1,1049
CC1(C)CC(CCO1)C(CCNCc1ccc(cc1)N(C)C)c1ccccc1,1050
c1cc(ccc1c1cn2ccsc2n1)N,1051
C1CCCC(CC1)N1CCC(CC1)N1CCN(CC1)CCO,1052
Cc1ccc2c(c1)c1CCCC3c1n2CCN3CC(CN1CCCCC1)O,1053
CN1C(N(C)c2cc(ccc12)C1C(C#N)=C(N)Oc2c1ccc1ccccc12)=O,1054
CCN1C(=C(C(NCC=C)=O)SC1=S)N,1055
CC(C)CN1CCC(CC1)NCCNc1ccncc1C,1056
CCOC(C1=CNC(SCC)=NC1=O)=O,1057
O=C(c(cc1)cc(Cl)c1C(Nc(cc1)ccc1C1=NCCN1)=O)Nc(cc1)ccc1C1=NCCN1,1058
C(=Cc1nc(c2ccccc2O)nc(N)n1)c1ccc(cc1)[Br],1059
Cn1cc(C=Cc2nc(c3ccccc3O)nc(N)n2)c2ccccc12,1060
CCN1CCN(CC1)CC(COc1ccc(CC=C)cc1OC)O.[Cl].[Cl],1061
Cc1ccc(c(C)c1)OCC(CN1CCN(CC1)CCN1C(c2cccc3cccc(C1=O)c23)=O)O.[Cl].[Cl],1062
COc1ccc(cc1)C1CC2=C(C(c3c[nH]c4ccccc34)Nc3ccccc3N2)C(C1)=O,1063
COc1cc(CC=C)ccc1OCC(CN1CCC(CC1)Cc1ccccc1)O.[Cl],1064
C1CN(CCN1CCN1C(c2cccc3cccc(C1=O)c23)=O)CC(COc1ccc2c(c1)OCO2)O.[Cl].[Cl],1065
c1ccc2c(c1)cc1cnc3c(c(N)n[nH]3)c1n2,1066
OC(Cc(sc(O)n1)c1O)=O,1067
C(C(COc1ccc(cc1)c1ccc(C#N)cc1)O)N(Cc1ccccc1)Cc1ccccc1,1068
Cc1cc(N)n(c2ccc(c(c2)S(O)(=O)=O)Oc2ccccc2)n1,1069
CN(C)c1ccc(CNC2CCCCC2)cc1,1070
CCCOC(c1c(csc1N)c1ccc(c(c1)OC)OC)=O,1071
C1CCCCCc2c(CCCC1)c(C(N)=O)c(N)s2,1072
C(C(N1c2ccccc2Sc2ccccc12)=O)Sc1nnc(N)s1,1073
CS(N(CC(Cn1c2ccc(cc2c2cc(ccc12)[Cl])[Cl])O)c1ccccc1)(=O)=O,1074
Nc(cc1)ccc1-c(nc12)c(-c(cc3)ccc3N)nc1nc(N)nc2N,1075
C1CN(CCN1)c1cccc2C(c3ccccc3C(c12)=O)=O,1076
[H][N+](CCO)=C1C=C(c2ccccc2)Oc2ccc(C)cc12,1077
CCC(CO)NCC(Cn1cnc2c1C(N(C)C(N2C)=O)=O)O,1078
C1CCCN(CC1)CC(COc1ccccc1)O,1079
C(c1c(cc(c2ccc(cc2)F)nc1N)c1cccnc1)#N,1080
C(c1c(cc(c2ccc(cc2)[Br])nc1N)c1ccco1)#N,1081
Cc1ccc2c(c1)SC(=Cc1ccc[n+](C)c1)N2CCO,1082
Cc1ccc2c(c1)SC(=Cc1ccc[n+](CCO)c1)N2C,1083
CCSCCC(C(O)=O)NC1CC(C)(C)CC(C=1)=O,1084
CCOc1ccccc1[C@H]1C[C@@H](c2ccc(cc2)F)Nc2nc(N)nn12,1085
C(C(c1ccc(cc1)[Br])=O)Sc1nnc(N)[nH]1,1086
C1CCCN(CC1)Cc1nc(N)nc(Nc2ccc(cc2)F)n1,1087
CCCCSc1nc2c(c3cc(ccc3NC3(CCCC3)O2)[Br])nn1,1088
Cc1ccc(cc1)S(Nc1ccccc1CNc1cc2ccccc2nc1)(=O)=O,1089
C(CNCC(CN1c2ccccc2Sc2ccccc12)O)c1ccccc1.C(C(O)=O)(O)=O,1090
Cc1c2ccccc2n(CC(CNCCCO)O)c1C.C(C(O)=O)(O)=O,1091
[H]N(Cc1cccc(c1)[Br])c1ccc(cc1)N(C)C,1092
[H]N(Cc1cc(c(c(c1)[Cl])OCc1cccs1)OCC)Cc1cccnc1,1093
C1CN(CCN1CC(CN1c2ccccc2Sc2ccccc12)O)Cc1ccccc1.C(C(O)=O)(O)=O,1094
CCOc1cc(CO)cc(c1OCc1ccc(cc1)C(O)=O)[Br],1095
C(c1cc(ccc1OCc1ccc(cc1)C(O)=O)[Cl])O,1096
CCCOc1ccc(cc1)c1cnc(nc1N)S,1097
C(c1ccco1)NC1C(c2cccc3cccc1c23)NS(c1ccc(cc1)[Cl])(=O)=O,1098
C(c1ccc2c(c1)OCO2)Nc1cccc(c1)C(Nc1cccc2ccccc12)=O,1099
Cc1cccc2c1c(ccc(C(C=C1)=O)c3C1=O)c3n2C,1100
CCOC(C(C(c(cccc1)c1N1)C1=O)=O)=O,1101
CCCCC(Nc1c(C#N)c2CC(C)(C)NC(C)(C)c2s1)=O,1102
CC(NC(C(c1c2n(CCC3OC(COC)=O)c3n1)=O)=C(C)C2=O)=O,1103
CC(C)c1cc(CCC2C3(C)CCCC2(C)CN)c3cc1.OC(c1ccccc1)=O,1104
CCOc1ccc(cc1)NCc1nc2ccccc2n1C,1105
C1Cc2ccc(cc2C1)NC(CCN1CCN(CC1)CCO)=O.[Cl],1106
C1CNCCC1C(N1CCN(CC1)c1ccccc1F)=O.C(C(O)=O)(O)=O,1107
Cc1ccc(cc1)OCCN1CCN(CC1)CC(Cn1c2ccccc2c2ccccc12)O.C(C(O)=O)(O)=O,1108
C(CC(N1c2ccccc2Sc2ccccc12)=O)CN,1109
Cc1nc2ccccc2n1CC(COc1ccc(cc1)C1CCC=C1)O,1110
O=C(c(cc1)cc(C(Nc(cc2)ccc2C2=NCCN2)=O)c1Cl)Nc(cc1)ccc1C1=NCCN1,1111
C(CC(=O)OC1C(Nc2ccc(cc2C(c2ccccc2[Cl])=N1)[Br])=O)CN.[Br],1112
CC(c1cccc(c1)NC(C=CC(O)=O)=O)O,1113
CS(c1ccc(c(c1)[N+]([O-])=O)NCC(Nc1ccccc1SC(C(C(F)(F)F)(F)F)(F)F)=O)(=O)=O,1114
Cc1ccc(cc1)C(CNc1ccc(cc1)F)=O,1115
CC(c1cnc(Nc2nc(C)c3cccc(C)c3n2)nc1C)=O,1116
O=P1(N(CCCl)CCCl)OCCC2N1CCCC2,1117
O=C(C(C(C=C(c1ccccc1)O1)=O)C1=O)c1ccccc1,1118
Cc1ccc(CNCCc2c[nH]c3ccccc23)cc1,1119
CC1(C)Cc2c(CO1)c(c1ccco1)nc1c2c2c(c(NC3CCCCC3)ncn2)s1,1120
COc1ccc(CCNCC(COc2ccc(cc2)[Cl])O)cc1OC.[Cl],1121
Cc1cccc(c1C)NC(CSc1nnc(C(c2ccccc2)O)n1c1ccccc1)=O,1122
C=CCNCCOCCOc1cccc(c1)[Br].C(C(O)=O)(O)=O,1123
Nc1cc(N=[N+](c2c(C3)ccc(N)c2)[O-])c3cc1,1124
CN(C)c1ccc(cc1)Nc1nc(cs1)c1cccs1,1125
Cc1ccc2c(c1)SC(=Cc1cccc[n+]1C)N2CCO,1126
Cc1ccc2c(c1)N(CCO)C(=Cc1cccc[n+]1C)S2,1127
Cc1ccc(c(c1)C(O)=O)Nc1nc(C)cc(C)n1,1128
C(C#CCSc1nnc(c2cccc(c2)[Br])o1)O,1129
COc1ccc(cc1OC)c1cc(c2nnc(N)o2)no1,1130
C1CCN(CC1)CC(Cn1ccc2ccccc12)O,1131
CN1C(N(Cc2ccccc2)C(c2c1nc(NCCc1ccccc1)n2C)=O)=O,1132
CC(Nc1c(C(c2cccc(c2)F)N2CCN(CC2)CCO)c2CCCCc2s1)=O,1133
COc(c(OC)c1)cc2c1C(/C=C/c1ccco1)=NCC2.OS(O)(=O)=O,1134
CCC1CCCCN1S(c1ccc(cc1)NC1c2ccccc2S(N=1)(=O)=O)(=O)=O,1135
CCOC(c1cnn(C(=O)OC)c1N)=O,1136
CC1(C)CC(=CC(C1)=O)Nc1cc(c2ccc(cc2)[Cl])n[nH]1,1137
Cc1cccc(c1)NC(c1c(c2c(cc(C)nc2s1)c1ccccc1)N)=O,1138
[H]N(CCCN(C)C)Cc1cccn1C,1139
CCCCN(C)S(c1ccc(cc1)NC1c2ccccc2S(N=1)(=O)=O)(=O)=O,1140
COc1cccc(CNc2ccc3c(c2)ncn3C2CCCCC2)c1,1141
C1C(C(N(C1=O)c1ccc(cc1)[Cl])=O)Nc1ccc(cc1)Oc1ccccc1,1142
CCOC(c1ccc(cc1)N1C(CC(C1=O)NC1CCCCC1)=O)=O,1143
C(c1cccs1)Nc1ccc2c(c1)nc(c1ccc(cc1)[Cl])o2,1144
C1CCN(C1)c1ccc(cc1[Cl])NC1c2ccccc2S(N=1)(=O)=O,1145
CC(c1ccc(cc1)OCC(Cn1c2ccccc2nc1CO)O)=O,1146
CC(c1ccccc1OCC(Cn1c2ccccc2nc1CO)O)=O,1147
CC1=CC2=C(C(C(C#N)=C(N)O2)c2ccccc2OC)C(N1Cc1ccc2c(c1)OCO2)=O,1148
CCOc1ccccc1CNc1ncc(c2cccc(c2)[Cl])n1C,1149
Cn1c(cnc1NCc1ccc(c(c1)OC)OC)c1ccc(cc1)[Br],1150
CCOc1ccc(CNc2ncc(c3ccc(cc3)[Br])n2C)cc1,1151
Cn1c(cnc1NCc1ccccc1OC)c1cccc(c1)[Br],1152
Cn1c(cnc1NCc1cccc(c1)[Cl])c1ccc(cc1)OC,1153
Cn1c(cnc1NCc1cccc(c1)[Br])c1ccc(cc1)OC,1154
CCOc1ccc(CNc2ncc(c3ccc(cc3)OC)n2C)cc1,1155
Cn1c(cnc1NCc1cccc(c1)OC)c1ccc(cc1)OC,1156
Cn1c(cnc1NCc1ccc(cc1)[Br])c1cccc(c1)OC,1157
Cn1c(cnc1NCc1cccc(c1)[Cl])c1cccc(c1)OC,1158
Cn1c(cnc1NCc1ccccc1[Cl])c1cccc(c1)OC,1159
CC(C)c1ccc(CNc2ncc(c3cccc(c3)OC)n2C)cc1,1160
CCc1ccc(CNc2ncc(c3cccc(c3)OC)n2C)cc1,1161
CCc1ccc(CNc2ncc(c3ccc(cc3)OC)n2C)cc1,1162
Cn1c(cnc1NCc1ccccc1OC)c1ccccc1,1163
Cn1c(cnc1NCc1cccc(c1)O)c1ccccc1,1164
Cn1c(cnc1NCc1ccc(cc1)F)c1ccc(cc1)[Cl],1165
Cn1c(cnc1NCc1ccccc1F)c1ccc(cc1)[Cl],1166
Cn1c(cnc1NCc1ccc(cc1F)F)c1ccc(cc1)[Cl],1167
Cn1c(cnc1NCc1ccccc1F)c1cccc(c1)[Br],1168
Cn1c(cnc1NCc1cccc(c1)F)c1cccc(c1)[Br],1169
Cc1cccc(CNc2ncc(c3ccc(cc3)F)n2C)c1,1170
Cc1ccc(cc1)c1cnc(NCc2cccc(c2)[Cl])n1C,1171
Cc1ccc(cc1)c1cnc(NCc2ccc(cc2)[Cl])n1C,1172
Cn1c(cnc1NCc1cc(ccc1F)[Br])c1ccc(cc1)OC,1173
Cn1c(cnc1NCc1c(cccc1[Cl])F)c1ccc(cc1)OC,1174
Cn1c(cnc1NCc1cc(ccc1F)[Br])c1cccc(c1)OC,1175
Cn1c(cnc1NCc1cc(ccc1F)[Br])c1ccc2c(c1)OCO2,1176
Cc1ccc(cc1C)c1cnc(NCc2ccc(cc2)F)n1C,1177
CCOc1ccc(cc1)c1cnc(NCc2cccc(c2)[Cl])n1C,1178
CCOc1ccc(cc1)c1cnc(NCc2ccccc2OC)n1C,1179
CCOc1ccc(cc1)c1cnc(NCc2ccc(cc2)F)n1C,1180
CCOc1ccc(cc1)c1cnc(NCc2ccccc2[Cl])n1C,1181
CCOc1ccc(cc1)c1cnc(NCc2c(cccc2[Cl])F)n1C,1182
CCOc1ccc(cc1)c1cnc(NCc2ccc(cc2)C(F)(F)F)n1C,1183
CCOc1ccc(cc1)c1cnc(NCc2cccc(c2)[Br])n1C,1184
CCOc1ccc(cc1)c1cnc(NCc2ccccc2)n1C,1185
Cc1c(CCC2OCCO2)c(Cl)nc(N)n1,1186
Cc1cc(nc(N)n1)Oc1ccc(cc1)C(=O)OC,1187
COc1ccc(cc1)N1C(CC(C1=O)Nc1ccc(cc1)N1CCOCC1)=O,1188
CC(CNCCCSc1ccc(C)cc1)O.C(C(O)=O)(O)=O,1189
C=CCc1cc(ccc1OCCNCCN1CCOCC1)[Cl].C(C(O)=O)(O)=O,1190
C(CCOc1ccccc1c1ccccc1)CNCCN1CCOCC1.[Cl],1191
CSc1ccc(C=C2C(C3CCN2CC3)O)cc1,1192
C(CCOc1cccc(c1)C(F)(F)F)CNCCN1CCOCC1.C(C(O)=O)(O)=O,1193
CC(CNCCNCc1cc(c(c(c1)[Br])OC)OC)O.[Cl].[Cl],1194
C(CN)CN1CCN(CC1)c1ccccc1,1195
COc1ccc(c(c1)NC1CCN(CC1)Cc1ccc(cc1)[Br])OC.C(C(F)(F)F)(O)=O,1196
Cc1ccc(cc1)C(c1c(c2c(cc(C)nc2s1)C(F)(F)F)N)=O,1197
CC(C)(C)NC(CSc1c(C#N)cc(C#N)c(N)n1)=O,1198
C(C1C(C2=C(NC(NC2=O)=O)OC=1N)c1ccccc1)#N,1199
CCOC(C1=C(C)OC(=C(C(=O)OCC)C12C(Nc1ccccc12)=O)N)=O,1200
CC1=CC2=C(C(C(C#N)=C(N)O2)c2ccc(cc2)[Br])C(=O)O1,1201
CCOC(C1C(C(C#N)=C(N)OC=1C)c1ccc(cc1)SC)=O,1202
CC(C)OC(C1C(C2=C(CC(C)(C)CC2=O)OC=1N)c1ccc(cc1)[Cl])=O,1203
C1CC2=C(C(C1)=O)C1(C(C#N)=C(N)O2)C(Nc2ccccc12)=O,1204
CCOC(C1C(C(C#N)=C(N)OC=1C)c1c(C)c(C)cc(C)c1C)=O,1205
Cc1ccc(cc1C)Nc1nc(cs1)c1ccc(cc1)S(N1CCOCC1)(=O)=O,1206
C1COCCN1S(c1ccc(cc1)c1csc(Nc2ccc(cc2)[Cl])n1)(=O)=O,1207
C1COCCN1S(c1ccc(cc1)c1csc(Nc2ccc(cc2)[Br])n1)(=O)=O,1208
CCN(CC)S(c1ccc(cc1)c1csc(Nc2ccccc2OC)n1)(=O)=O,1209
CC[Ge](CC)(CC)c1c(CNCc2ccccc2)[nH]nn1,1210
CC1=C(C(C(C#N)=C(N)O1)c1ccccc1)C(C)=O,1211
C1CCN(CC1)S(c1ccc(cc1)c1csc(Nc2ccc(cc2)F)n1)(=O)=O,1212
CC1=C(C(C)=O)C2(C(C#N)=C(N)O1)C(Nc1ccc(cc12)[Cl])=O,1213
CC1(C)CC2=C(C(C1)=O)C1(C(C#N)=C(N)O2)C(Nc2ccc(cc12)[Br])=O,1214
C1CC2=C(C(C1)=O)C1(C(C#N)=C(N)O2)C(Nc2ccc(cc12)F)=O,1215
C=Cc1ccc(cc1)c1csc(N)n1,1216
CCN(CC)S(c1ccc(cc1)c1csc(Nc2cccc(c2)OC)n1)(=O)=O,1217
CC1C=C(C)C2C(C)C1(CO)COC2c1ccccc1O,1218
CCOC(C1=C(C)OC(=C(C#N)C12C(Nc1ccc(cc12)[Br])=O)N)=O,1219
COC(C1=C(N)OC2=C(C(=O)Oc3ccccc23)C12C(Nc1ccccc12)=O)=O,1220
Cc1ccc(cc1C)Nc1nc(cs1)c1ccc(c(c1)F)OC,1221
Cc1ccc(cc1C)Nc1nc(cs1)c1ccccc1,1222
CC[Ge](CC)(CC)c1c(CNc2ccccc2)[nH]nn1,1223
Cc1ccc(C)c(c1)c1csc(Nc2ccccc2OC)n1,1224
CN1C2=C(C(C(C#N)=C(N)O2)c2ccc(cc2)[Cl])C(N(C)C1=O)=O,1225
CN1C2=C(C(C(C#N)=C(N)O2)c2ccccc2F)C(N(C)C1=O)=O,1226
C1C(C(F)(F)F)=NN(C(c2ccc(cc2)N)=O)C1(c1ccc(cc1)[Br])O,1227
C(c1cccnc1)Nc1nc(nc(n1)[Cl])N1CCOCC1,1228
CCOC(C1=C(N)OC(C)=C(C(=O)OCc2ccccc2)C12C(Nc1ccccc12)=O)=O,1229
CC1=C(C(=O)OCc2ccccc2)C2(C(=C(N)O1)C(=O)OC(C)(C)C)C(Nc1ccccc12)=O,1230
COCC1=C(C(C(C#N)=C(N)O1)c1cccc(c1)[Br])C(=O)OC,1231
Cc1cc(C)c2c(c1)nc(c1ccc(cc1O)N)o2,1232
C(C1C(c2ccsc2)c2ccc3ccccc3c2OC=1N)#N,1233
Cc1ccc(cc1[Cl])Nc1nc(cs1)c1ccc(cc1)S(N1CCOCC1)(=O)=O,1234
C1CC2=C(C(C(C#N)=C(N)N2c2ccc(cc2)F)c2ccc(cc2)F)C(C1)=O,1235
C(C(c1ccc(cc1)[Cl])=O)Sc1nc2ccc(cc2s1)N,1236
C1C(C(N(C1=O)c1ccc(c(c1)[Cl])[Cl])=O)Nc1ccc(cc1)F,1237
C(c1c(cc(c2ccccc2)nc1N)c1cccc(c1)[Br])#N,1238
C(c1ccccc1)n1c(cc(c2ccc(cc2)[Br])n1)N,1239
CCCC1=C(C(=O)OCC)C2(C(C#N)=C(N)O1)C(Nc1ccc(C)cc12)=O,1240
CCCc1c2C(C(C#N)=C(N)Oc2[nH]n1)c1ccc(C)cc1,1241
CC(c1ccc(cc1)NC(CSc1nnc(N)s1)=O)=O,1242
CCOC(c1c2ccc(c(c2sc1NC(C)=O)OCC(CN1CCCCC1)O)[Br])=O,1243
Cc1c(C(O)=O)c(c(CO)s1)Sc1ccccc1,1244
C(c1ccccc1)c1nnc(N)s1,1245
C(C1C(c2ccccc2)c2c(c3ccccc3)n[nH]c2OC=1N)#N,1246
CC1=C(C(C(C#N)=C(N)O1)c1ccccc1)C(=O)OCC=C,1247
Cc1ccc(cc1)C1C(C#N)=C(N)Oc2ccc3ccccc3c12,1248
Cc1ccc(cc1)C1C(C#N)=C(N)Oc2c1c(C(F)(F)F)n[nH]2,1249
C1CCC(CC1)NC(c1c2CCCCc2sc1N)=O,1250
CC1=C(C(C(C#N)=C(N)O1)c1ccccc1)n1c2ccccc2nn1,1251
[H]Nc1nnc(COc2cc(C)cc(C)c2)s1,1252
[H]Nc1nnc(COc2ccc(cc2)C2CCCCC2)s1,1253
COc1ccc(c(c1)NC(CSc1nc2ccc(cc2s1)N)=O)OC,1254
C(C(CSc1nc2ccccc2o1)O)Oc1ccccc1,1255
C1CNC(CN)c2ccccc12,1256
C(C(c1ccc(cc1)F)=O)Sc1nc2ccc(cc2s1)N,1257
[H]Nc1nnc(COc2cc(C)ccc2C)s1,1258
COc1ccc2c(c1)SC(=N)N2CCO,1259
Cc1ccccc1NC(c1c2CCCc2sc1N)=O,1260
C1CCc2c(C1)c(C(c1ccccc1)=O)c(N)s2,1261
C1CCN(CC1)c1ccc2C(N(CCO)C(c3cccc1c23)=O)=O,1262
CN1C(c2c(nc(NCCOCCO)n2C)N(C)C1=O)=O,1263
c1ccc2c(c1)nc(Sc1ccc(cc1N)C(F)(F)F)s2,1264
CC(C)c1c2C(C(C#N)=C(N)Oc2[nH]n1)c1ccc(c(c1)[Br])F,1265
C(c1cc(ccc1[Cl])[Cl])Sc1nnc(N)s1,1266
C(c1ccccc1)n1c(c(C(Nc2ccc(cc2)Oc2ccccc2)=O)nn1)N,1267
CCN(CC)c1ccc(cc1)NCc1ccc2c(c1)OCO2,1268
Cn1cnnc1c1cccc(c1)N,1269
CC(C)(C)c1c2C(C(C#N)=C(N)Oc2[nH]n1)c1c[nH]nc1c1ccc(cc1)F,1270
C(C1C(c2c[nH]nc2c2ccc(cc2)F)c2c(c3ccc(cc3)[Cl])n[nH]c2OC=1N)#N,1271
C1CN(CCN1CCO)CC(N1c2ccccc2Sc2ccc(cc12)C(F)(F)F)=O,1272
C1Oc2ccc(cc2O1)C1C(C#N)=C(N)Oc2c1c(c1ccc(cc1)F)n[nH]2,1273
Cc1c2c(n(c3cccc(c3)[Cl])n1)OC(=C(C#N)C21C(N(CC(=O)OC)c2ccccc12)=O)N,1274
CN1C(c2c(nc(N3CCCCC3)n2CCN)N(C)C1=O)=O,1275
CN1C(c2c(ncn2CCN)N(C)C1=O)=O,1276
CC1CCc2c(C1)c(c1ccc(cc1)F)c(C#N)c(N)n2,1277
CC1=CC(N(C)C(N1CCCCCCNCCO)=O)=O,1278
CC(C)(C)c1ccc(CSc2nnc(N)s2)cc1,1279
CC1(C)CC2(CC(C)(C)N1)C(C)(N(CCCO)C(=O)O2)O,1280
Cc1cc(C)c2c(c1)c(CCN)c(C)[nH]2,1281
Cc1ccc(C)c2c1c(CCN)c(C)[nH]2,1282
CC1CC(NCc2ccccc2)N(C(C)=O)N1c1ccccc1,1283
CCOC(c1c(c2c(C)c(c(C)nc2s1)[Cl])N)=O,1284
COc1ccc(CCNCc2ccccn2)cc1OC,1285
Cc1c(CCNCc2ccc(cc2F)F)c2ccccc2[nH]1,1286
Cc1c(CCNCc2c(cc(cc2OC)OC)OC)c2cc(ccc2[nH]1)OC,1287
CC(Cc1ccc2c(c1)OCO2)CNCCc1c2cc(ccc2[nH]c1C)OC,1288
Cc1c(CNCCc2c3cc(ccc3[nH]c2C)OC)c(n(C)n1)[Cl],1289
CCCCc1nc(CNCCc2c3cc(ccc3[nH]c2C)OC)c[nH]1,1290
C(CNCc1ccc2c(c1)c1ccccc1[nH]2)NCCO,1291
C1CCC(CCNC2CC(N(C2=O)c2ccc(cc2)F)=O)=CC1,1292
C1CCc2cc3c(c(C(NCCc4ccccc4)=O)sc3nc2CC1)N,1293
Cc1c(CCNCc2ccc(C#N)cc2)c2cc(ccc2[nH]1)OC,1294
CN(C)CCCNCc1ccc2c(c1)c1CCCCc1[nH]2,1295
CCn1c2C(N(C)C(N(C)c2nc1NCc1ccccn1)=O)=O,1296
CCCCc1ccc(cc1)n1nc2cc(C)c(cc2n1)N,1297
C1Cc2c(C(=O)OCCO)c(C#N)c(N)nc2C1,1298
COc1nc(NCCC2CCCCC=2)nc(n1)N1CC2CC(C1)C1=CC=CC(N1C2)=O,1299
C(CO)n1c(cn2c(c3ccccc3)c(c3ccccc3)nc12)c1ccccc1,1300
CC(C)Nc1nc(nc(n1)n1ccnc1)N(C)c1ccccc1,1301
Nc(cc1)cc(Cc2c3)c1-c2cc(Cl)c3Cl,1302
C(c1ccoc1C(O)=O)N,1303
Cc1cc2NC(Nc3ccc(c(c3)[Cl])F)Sn2n1,1304
CC1(C)Cc2c(ccc3ccccc23)C(=N1)Sc1ccc(cc1)N,1305
CN1C2CN(CCO)C(C=2C(c2ccc(cc2)O)NC1=O)=O,1306
CCC(c1ccc(cc1)OCC(CN1CCN(CC1)c1cccc(c1C)[Cl])O)=O,1307
Cc1cc(C)nc2c1c(c(C(NCc1ccccc1[Cl])=O)s2)N,1308
Cc1c(c2csc(Nc3cccc(c3)C(F)(F)F)n2)sc(C)n1,1309
CCOc1ccc(CC(C2=C(CCCC2=O)NC(C)C(O)=O)=O)cc1OCC,1310
CC(C)(C)c1cc(c(c(c1)Nc1ncccn1)O)C(C)(C)C,1311
c1cc(cc(c1)NC(c1c(csn1)N)=O)C(F)(F)F,1312
Cc1c2c(NCCc3c4ccccc4[nH]c3C)ncnc2sc1C,1313
c1ccnc(c1)Sc1ccc(cc1[Cl])N,1314
CN1C(C2C(C(C#N)=C(N)OC=2c2ccccc12)c1c(cccc1[Cl])F)=O,1315
CC(C)C(c1cc2c(cc1N)OCCO2)=O,1316
CCN1C(c2ccc(CN)c3cccc1c23)=O,1317
CCN1CCc2c(C1)cc1c(c(C(Nc3ccc(cc3)C(F)(F)F)=O)sc1n2)N,1318
COc1ccc(cc1OC)C1C(C#N)=C(N)N(C2CCS(C1=2)(=O)=O)c1ccc(cc1)F,1319
CN1CCC(CC1)(CN)N1CCN(CC1)c1ccccc1,1320
C(c1ccc(cc1)F)N1C(C2(C(C#N)=C(N)N(C3COC(C2=3)=O)c2ccccc2)c2ccccc12)=O,1321
C1C2=C(C(=O)O1)C1(C(C#N)=C(N)N2c2ccc(cc2)C(F)(F)F)C(Nc2ccccc12)=O,1322
C=CCOc1ccc(cc1)C1C(C#N)=C(N)OC2=C1C(c1ccccc1C2=O)=O,1323
C=CCN1C(C2(C(C#N)=C(N)N(C3COC(C2=3)=O)c2cccc(c2)C(F)(F)F)c2ccccc12)=O,1324
C(c1ccc(cc1)F)N1C(C2(C(C#N)=C(N)N(C3COC(C2=3)=O)c2ccc(cc2)F)c2ccccc12)=O,1325
C(c1cccc(c1)F)N1C(C2(C(C#N)=C(N)N(C3COC(C2=3)=O)c2ccc(cc2)F)c2ccccc12)=O,1326
COc1ccc(CCNc2nc(cs2)c2cccs2)cc1OC,1327
CC(C)C(CCNCc1ccc(cc1)OC)C1CCOC(C)(C)C1,1328
CC(C)C1(CCNCc2ccc(cc2)OC)CCOC(C)(C)C1,1329
CC(C)C1(CCNCc2ccc(c(c2)OC)OC)CCOC(C)(C)C1,1330
CC(C)C1(CCNCc2cccc3c2OCO3)CCOC(C)(C)C1,1331
CC1=CC(C)=NC(N1CCN)=O,1332
c1ccc(cc1)C(c1c(c(C(Nc2ccccc2)=O)c2ccccn12)N)=O,1333
C1CN(CCC1O)CCN,1334
COc1cc(c(c(c1OC)OC)[Br])c1nnc(N)o1,1335
CCc1ccc2c(c1)nc(c1ccc(cc1O)N)o2,1336
c1ccc(cc1)c1ccc(cc1)c1nc2cc(ccc2o1)N,1337
c1cc2c(cc1N)nc(c1cc(ccc1[Cl])[Br])o2,1338
C1CC(c2cnn(c3ccccn3)c2C1)N,1339
CC(C)OC(C1C(C2=C(C(C=C(CO)O2)=O)OC=1N)c1ccccc1F)=O,1340
C(c1ccc2c(c1)OCO2)Nc1c(c[nH]n1)C(N)=O,1341
C(c1ccc2c(c1)OCO2)NCc1cc(c2ccc3c(c2)OCO3)no1,1342
C(C(c1nc2ccccc2[nH]1)N)c1ccc(cc1)O,1343
CC(C1(CCCCC1)N)=O,1344
c1cc2c(cc(c(c2nc1)O)N)[Cl],1345
Cc1cc(C)nc2c1c(c(c1cc(c3ccc4c(c3)OCO4)no1)s2)N,1346
Cc1cc(COC)c2c3c(C(N(CCO)C(c4ccccc4OC)=N3)=O)sc2n1,1347
C1Cc2nc(c(C(c3ccc(cc3)[Br])=O)n2C1)N,1348
Cc1c(C#N)c(N)n(CCCn2ccnc2)c1C,1349
c1cc(c2nnc3n2nc(Nc2ccc(cc2)[Cl])s3)sc1,1350
C#CC1(CCCCC1)N,1351
CC1(C)CC(CC(C)(C)N1)OC(c1ccc(cc1)N)=O,1352
COCc1nc(c2c(N)non2)no1,1353
C(CS(N1CCNCC1)(=O)=O)N,1354
CNCc1cnccn1,1355
c1cc2c(c(C(Nc3ccc(cc3F)F)=O)sc2nc1)N,1356
C1CC1(CN)c1ccc(cc1)[Cl],1357
C1CCC(C1)(CN)c1ccc(cc1)[Cl],1358
Cc1c(c(N)n(CCC2CCCCC=2)c1C)S(c1ccc(cc1)[Cl])(=O)=O,1359
Cc1c(c(N)n(CCOC)c1C)S(c1ccc(cc1)[Cl])(=O)=O,1360
Cc1c(c(N)n(CCN2CCOCC2)c1C)S(c1ccc(cc1)F)(=O)=O,1361
Cc1c(c(N)n(CCCN(C)C)c1C)S(c1ccc(cc1)F)(=O)=O,1362
COc1ccc(cc1)c1cc(CNCC2CC(Cc3cc4c(c(c3OC)OC)OCO4)ON=2)on1,1363
CCc1ccc(cc1)OCCn1c2ccccc2nc1CO,1364
Cc1ccccc1OCCn1c2ccccc2nc1CNC,1365
C1C(c2ccc(c(c2)[Br])F)c2c(NC1=O)nc(N)s2,1366
C1C(c2ccc(cc2)C(F)(F)F)c2c(NC1=O)nc(N)s2,1367
COc1cc(ccc1OC1CCCC1)C1CC(Nc2c1sc(N)n2)=O,1368
C(COc1cccc(c1)[Cl])N,1369
CN1CCC(CC1)Oc1ccc(cc1)N,1370
c1ccc(cc1)c1cc2cccc(c2o1)N,1371
c1ccc(cc1)c1cc2cc(ccc2o1)N,1372
CC(=O)OCc1cc(ccc1O)c1csc(N)n1,1373
CCNC[C@@H]1CCN(CC)[C@H]1c1ccccc1OC,1374
Cc1c(c2ccc(cc2)[Br])c2ncc(C#N)c(N)n2n1,1375
CCC12CN3CC(CC)(CN(C1)C3C(C)(C)CO)C2=O,1376
CC(Cc1cc2c(c(c1OC)OC)OCO2)N,1377
c1ccc2c(c1)nc(Sc1ccc(cc1N)[Cl])s2,1378
C1CN2C(=CSC2=N1)c1cccc(c1)N,1379
COc1ccc(cc1)c1c(c2ccc(cc2)OC)sc(N)n1,1380
c1ccc(cc1)C(c1c(c2ccc(c3ccncc3)nc2s1)N)=O,1381
COc1cc(C2C(C#N)=C(N)OC3CCCC(C2=3)=O)c(c2c1OCO2)OC,1382
C1COCCN1c1nc(cs1)c1ccc(cc1)N,1383
Cn1c(cc(c2ccc(cc2)F)n1)N,1384
CN1C(c2c(cn(c3ccccc3N)c2c2ccccc2F)N(C)C1=O)=O,1385
CCn1cc(CNCC2CC(Cc3cc(c4c(c3)OCO4)OC)ON=2)c(C)n1,1386
C1CCC2=C(C1)C(C#N)=C(Nc1ccccc1)n1cnnc12,1387
c1cc(N)nc2c1ccc(n2)O,1388
COc1ccc(cc1)c1c(CN)c[nH]n1,1389
[H]N(Cc1cccnc1)c1ccc(C(O)=O)c(c1)[Cl],1390
CCOC(C1=C(c2ccccc2S1(=O)=O)N)=O,1391
C1CCN(CC1)c1nc(CN2C(N(c3ccccc3[Cl])N=N2)=O)nc(N)n1,1392
C(c1ccccc1)c1cc(ccc1OCCN)[Cl],1393
CCc1c2C(C(C#N)=C(N)Oc2n[nH]1)c1cc(c2c(c1)OCO2)OC,1394
C1CN(C(CN)c2ccccc2)N=C1c1ccccc1,1395
COc1c(cc2c(c1OC)OCO2)C1C(C#N)=C(N)OC2CCCC(C1=2)=O,1396
C(c1cccc2c1cc[nH]2)NCc1cccc2c1cc[nH]2,1397
C1CCN(CC1)C(CN)c1ccc(cc1)[Cl],1398
C(c1cn[nH]c1c1ccc(cc1)[Cl])N,1399
COc1ccc(CNCc2ccc3c(cc[nH]3)c2)cc1,1400
C(CNCc1ccc2c(cc[nH]2)c1)c1ccc(cc1)F,1401
C(c1cn[nH]c1c1ccc(cc1)F)N,1402
CCOc1c(CC=C)cc(CNCCO)cc1OC,1403
CCc1c(C)cc2c(c(C(c3ccccc3)=O)sc2n1)N,1404
C(C1C(c2ccc3ccccc3c2OC=1N)c1cccs1)#N,1405
Cc1c2c(N)nn(Cc3ccc(cc3[Cl])[Cl])c2nc(c2ccccc2)n1,1406
c1cc(ccc1C(c1c(c2ccc(c3ccncc3)nc2s1)N)=O)F,1407
[H]N(CCNCCO)Cc1cc(c(c(c1)[Br])OC)OC,1408
c1cc(cc(c1)[Cl])c1nnc2n1nc(N)s2,1409
C1CN(CCC1N)Cc1cccc(c1)O,1410
COc1cc(cc(c1O)OC)C1CC(Nc2c1[se]c(N)n2)=O,1411
C(c1cn2cc(sc2n1)[Cl])N,1412
C(CN)c1csc(c2ccc(cc2)C(F)(F)F)n1,1413
c1cc(cc(c1)N)c1nc(c2ccc(cc2)[Cl])[nH]n1,1414
C=CCN1C(N=C(CNc2ccc(cc2)F)N1)=O,1415
C(COc1ccccn1)NCc1ccsc1,1416
c1cc(ccc1c1cn[nH]c1)N,1417
c1cnccc1c1nc2ncnc(N)n2n1,1418
C(COc1ccccn1)NCc1ccccn1,1419
CCNCc1cc(CC=C)c(c(c1)OC)OCC,1420
C(c1ccccc1)Nc1c(C(Nc2cccc(c2)C(F)(F)F)=O)c(N)[nH]n1,1421
CN1CCCc2ccc(cc12)N,1422
Cc1cc(C)c(cc1CN1CCOCC1)C1C2=C(CC(C)(C)CC2=O)OC(=C1C(=O)OC)N,1423
c1cc(cc(c1)[Cl])c1nc(c2ccc(cc2)N)n[nH]1,1424
c1cc(ccc1c1nc(c2ccc(cc2)[Cl])[nH]n1)N,1425
c1cc(c2c(c1)nc(N)o2)[Cl],1426
COc1ccc(cc1)c1nc(c2ccccc2N)n[nH]1,1427
[O-][N+](c(cc1)ccc1NC(Nc(cc1)ccc1Oc(cc1)ccc1NC(Nc(cc1)ccc1[N+]([O-])=O)=O)=O)=O,1428
OC(/C=C\C(Nc1nccs1)=O)=O,1429
[H]N(CCNC(c1c(N)non1)=O)Cc1c(ccc2ccccc12)OCc1ccccc1,1430
[H]N(CCNC(c1c(N)non1)=O)Cc1cc(ccc1OCc1ccc(cc1)[Cl])[Br],1431
[H]N(CCNC(c1c(N)non1)=O)Cc1cc(ccc1OCc1ccccc1[Cl])[Br],1432
[H]N(CCNC(c1c(N)non1)=O)Cc1cc(ccc1OCc1ccccc1)[Cl],1433
Cc1c(c2ccc(c(c2)OC)OC)c2ncc(c3ccc(c(c3)OC)OC)c(N)n2n1,1434
C1C(NCC2)N3C2NCCC3NC1,1435
Cc1c2[nH]c(cccc3)c3c2ccc1CCN,1436
C1CCN(C1)c1ccccc1NC1c2ccccc2S(N=1)(=O)=O,1437
Cc1cc(Nc2ccc(cc2)N2CCOCC2)n2c(ncn2)n1,1438
[H]N(Cc1cc(c(c(c1)[Cl])OCc1cccs1)OC)Cc1cccnc1,1439
[H]N(Cc1cccc(c1OCc1ccc(cc1)F)OC)Cc1ccco1,1440
C(c1ccccc1)[C@@H](c1nnc(o1)SCc1cccc2ccccc12)N,1441
C(CN)c1nnc(o1)SCc1ccc(cc1[Cl])[Cl],1442
C(CN)c1nnc(o1)SCc1c(cccc1[Cl])[Cl],1443
CN(C)c1ccc(cc1)NC1CC(N(C1=O)c1ccc(cc1)O)=O,1444
CN(C)c1ccc(cc1)NC1CC(N(C1=O)c1ccc(cc1)F)=O,1445
Cc1ccc(cc1)c1cnc2c(cnn2c1N)c1ccccc1,1446
CSc1nc2ncc(c3ccccc3)c(N)n2n1,1447
[H]N(CCN(CC)CC)c1c2c3CC(C)(CC)OCc3sc2nc(n1)SC,1448
[H]N([H])c1c2c3CC(C)(C)OCc3sc2nc(n1)SCc1ccccc1[Cl],1449
CCCCNc1c(C#N)c2CC(C)(C)OCc2c(c2ccccc2)n1,1450
C[C@]1(C)Cc2c(CO1)c(c1ccco1)nc1c2c2c(c(NCCCN(C)C)ncn2)s1,1451
CC1=CC2=C(C(C(C#N)=C(N)O2)c2c(cccc2[Cl])[Cl])C(=O)O1,1452
CCN(CC)c(cc1)ccc1C(c(cc1)ccc1N(CC)CC)=C(C=C1)C=CC1=[N+](CC)CC.[Cl-],1453
CS(c(cc1)ccc1OCC=C)(=O)=O,1454
Cc1c(C(c2ccccc2)=O)c(N)sc1C,1455
O=C1ONC(C(C(C(F)(F)F)(F)F)(F)F)=N1,1456
COc(cc1)cc(N2)c1NP2(Oc1ccccc1)=S,1457
CCc1ccc(cc1)OCC#CCNCC=C,1458
COc1cc(ccc1OCCCN1CCCCC1)N.[Cl].[Cl],1459
CCNCC#CCOc1ccc(cc1)[Br],1460
Cc1c(C(NCCO)=O)nnn1c1cc(ccc1OC)[Cl],1461
Cc1ccc(c(c1)[Cl])OCC#CCNC.[Cl],1462
C1COCCN1C(C(C(c1c[nH]c2ccccc12)=O)O)c1cccs1,1463
C(C(c1cccs1)S(c1ccc(cc1)F)(=O)=O)N.[Cl],1464
COc1cc(CNCc2cccnc2)ccc1Oc1nnnn1c1ccccc1.[Cl],1465
C1CC2=C(C(c3ccccc3)c3c(N)nc(N)nc3N2)C(C1)=O,1466
CCN1CCCC1CNCc1ccc(C)s1.[Cl].[Cl],1467
CCC(C)C(c1nnc(o1)SCC(c1ccc(cc1)[Cl])=O)N.[Cl],1468
CC(c1ccc(cc1)c1ccc(CNCCc2c[nH]c3ccccc23)o1)O.[Cl],1469
C1CCC(CCNCc2ccccn2)=CC1.[Cl],1470
C(c1cccnc1)Nc1cccc(c1)c1nc2ccccc2[nH]1,1471
C(COc1ccc2c(c1)c1ccccc1o2)N.[Cl],1472
C(c1cccc2c1cc[nH]2)Nc1ccc(Cn2cncn2)cc1,1473
c1c(cc2c(c1[Cl])nc(N)s2)F,1474
C1CN(CCN1Cc1ccccc1)C1CS(CC1O)(=O)=O,1475
C1CN(CCC1c1nc2ccccc2s1)C1CS(CC1O)(=O)=O,1476
Cc1ccc2c(N)n[nH]c2n1,1477
COc1ccc(CNCCN2CCNCC2)cc1[Cl],1478
C(CC(O)=O)Cn1nc(c2cccc(c2)N)nn1,1479
COc1cc(cc(c1OC)OC)c1nc(c2cccc(c2)N)n[nH]1,1480
C(c1ccc2c(c1)OCO2)Nc1cc(nc(N)n1)[Cl],1481
CCOc1ccc2c(c1)sc(NC(CSc1nc(N)n[nH]1)=O)n2,1482
Cc1cccc(c1C)n1c(c2c(c3cccnc3s2)N)nnc1S,1483
C(CNC(c1c(c2ccc(c3ccccn3)nc2s1)N)=O)c1c[nH]c2ccccc12,1484
COc1ccc(CNc2nc(c3ccccc3n2)NCCCO)cc1,1485
Cn1c(c2c(c3cccnc3s2)N)nnc1S,1486
Cc1ccc(cc1N)c1ccc(nn1)[Cl],1487
C(CNc1c2ccccc2nc(n1)N1CCC(CC1)C(N)=O)CO,1488
CC(C)CCc1cc(nc(N)n1)[Cl],1489
C(c1ccccc1)NC(C(c1ccccc1)Sc1nc(N)n[nH]1)=O,1490
Cc1ccc2c(c1)c(C)nc(NC1NCN(CCO)CN=1)n2,1491
Cc1cc(c2cc(ccc2n1)C(O)=O)N,1492
C(C(N1c2ccccc2Sc2ccccc12)=O)Sc1nnc(N)[nH]1,1493
C(CO)Nc1c2ccccc2nc(NCc2ccc3c(c2)OCO3)n1,1494
CSc1ccc(cc1)OCCN,1495
Oc(ccc([As](O)(O)=O)c1)c1NC(c1ccccc1)=O,1496
Cn1c(c(C(C=C2)=O)c(cc3)C2=O)c3c2c1cccc2,1497
OC(c(ccc(NC(CN(C=CC(N1)=O)C1=O)=O)c1)c1O)=O,1498
CCN1CCCC1CNCc1cccc(c1)OCc1ccc(cc1)[Cl],1499
C1CN(CCC1c1nc(c2ccccc2)no1)S(c1ccc(cc1)N)(=O)=O,1500
S=C1Oc(ccc(-c2ccccc2)c2)c2N1,1501
CC[C@](C(C=C1N2Cc3cc4ccccc4nc13)=C(CO1)C2=O)(C1=O)O,1502
O=C(C(C(N1)=O)=Cc2cc3ccccc3cc2)NC1=O,1503
CCN(CCCC/C1=N\O)CCCC/C1=N\O,1504
S=C1Nc(cccc2)c2-c2c1cccc2,1505
c1ccc(cc1)S(n1c(cc(n1)OC(c1ccco1)=O)N)(=O)=O,1506
c1cc(ccc1C(=O)Oc1cc(N)n(n1)S(c1ccc(cc1)F)(=O)=O)[Cl],1507
CCOC(c1cnc2c(cccc2c1Nc1ccc(C)cc1[Br])OC)=O,1508
CCOC(c1cnc2c(cccc2c1Nc1c(cccc1F)F)OC)=O,1509
c1ccc2c(c1)nc(c1ccc(cc1[Cl])N)s2,1510
COc1ccc(cc1)c1cc(C(F)(F)F)nc(NCc2ccccc2)n1,1511
C(CNc1nc(cc(C(F)(F)F)n1)c1ccco1)c1ccccc1,1512
C(CO)Nc1c2c(ncn1)[nH]cn2,1513
Cc1ccc(cc1)NCc1nc2ccccc2n1C,1514
C(c1nc2ccccc2n1Cc1ccc(cc1)[Cl])Nc1ccc(cc1)C(O)=O,1515
Cn1c2ccccc2nc1CNCc1ccccc1,1516
Cc1cccc(c1)NCc1nc2ccccc2n1C,1517
C(c1nc2ccccc2n1CCOc1ccccc1)Nc1ccccc1,1518
CC(C)c1ccc(cc1)Nc1c(c2ccccc2O)nc2cnccn12,1519
c1ccc(cc1)Nc1c(c2c[nH]c3ccccc23)nc2cnccn12,1520
Cc1cccc(C)c1Nc1c(c2ccc(cc2)N2CCOCC2)nc2cnccn12,1521
C1COc2cc(ccc2O1)Nc1c(c2ccco2)nc2ccc(cn12)[Cl],1522
Cc1ccc(c(C)c1)NC(Cn1c(c(C(=O)OC)nn1)N)=O,1523
COc1ccc(cc1OC)C(c1c(c2ccccc2o1)N)=O,1524
Cc1ccc(cc1)C1NC(C2Cc3c(CO)cnc(C)c3OC=2N=1)=S,1525
C(c1ccc(cc1)[Cl])N1c2ccccc2C2=C(C(C(C#N)=C(N)O2)c2ccccc2)S1(=O)=O,1526
CSc1c(c(N)n(Cc2ccccc2)n1)S(c1ccccc1)(=O)=O,1527
Cc1c(cccc1[Cl])n1c(c(C(Nc2cc(ccc2F)F)=O)nn1)N,1528
C(c1ccc(cc1)N)n1cc(c2nc(c3ccc(cc3)F)no2)nc1,1529
COC(COc1cc(c2ccc(cc2)[Cl])nc2ccc(cc12)N)=O,1530
CCOC(c1c2c(nc3ccccc3n2)n(Cc2cccc(c2)OC)c1N)=O,1531
CNc1c(c(N)[nH]n1)c1nc(c2ccc(cc2)OC)no1,1532
CC1CCN(CC1)c1nc(c(C(=O)OC)s1)N,1533
CCCCn1cnc2cc(ccc12)NCc1cccc(c1)OC,1534
Cc1ccc2nc(c(Nc3ccccc3)n2c1)c1ccco1,1535
Cc1ccc(cc1)Nc1c(c2ccco2)nc2ccc(C)cn12,1536
Cc1ccc2nc(c3c[nH]c4ccccc34)c(NC3CCCC3)n2c1,1537
Cc1ccn2c(c(c3ccccn3)nc2c1)NC1CCCCC1,1538
Cc1ccccc1Nc1c(c2ccncc2)nc2ccc(cn12)[Br],1539
Cc1ccccc1Nc1c(c2ccc(cc2)N2CCOCC2)nc2ncccn12,1540
C1COc2cc(ccc2O1)Nc1c(c2cccs2)nc2ccccn12,1541
CCOc1ccc(c(c1)Nc1cc(C)nc2nc(C)nn12)OCC,1542
Cc1ccc2c(c1)nc(c(NCc1ccc(cc1)F)n2)n1c(C)cc(C)n1,1543
Cc1nnc2c(Nc3ccccc3[Cl])nc3ccccc3n12,1544
CCc1nc2nc(C)cc(Nc3cc(ccc3C)[Cl])n2n1,1545
CCc1nc2nc(C)cc(Nc3cccc(C)c3C)n2n1,1546
CCCS(NC1=C(c2ccccc2OC1=O)NC)(=O)=O,1547
CCOC(N1CCC(CC1)Nc1nc2ccccc2c2nnc(C)n12)=O,1548
CCc1nnc2c3ccccc3nc(Nc3ccccc3OCC)n12,1549
Cc1ccc(c(c1)Nc1nc2ccccc2c2nncn12)OC,1550
c1ccc2c(c1)c1nncn1c(Nc1ccc(cc1F)[Br])n2,1551
Cc1ccc(cc1C)Nc1nc2ccccc2c2nncn12,1552
COc1cc(cc(c1)OC)NC(c1ccc(cc1)[Cl])c1nnc(c2ccccc2)o1,1553
c1ccc(cc1)C(c1nnc(c2ccccc2)o1)Nc1ccc(cc1)F,1554
C1CCN(CC1)c1cc(Nc2ccc(cc2)[Br])ncn1,1555
CC(C)C(N1CCN(CC1)c1ccc(cc1)Nc1cc(C)nc2nc(c3ccco3)nn12)=O,1556
CC(C)OC(c1ccc(cc1)Nc1nc2ccccc2c2nncn12)=O,1557
Cc1ccccc1Nc1c(c2ccc(C)o2)nc2ncccn12,1558
Cc1cc(C)n2c(c(c3ccc(C)s3)nc2n1)Nc1ccc2c(c1)OCCO2,1559
Cc1ccccc1NC(Cn1c(c(C(NCc2ccc(cc2)F)=O)nn1)N)=O,1560
Cc1ccc(C)c(c1)NC(Cn1c(c(C(NCc2ccc(cc2)F)=O)nn1)N)=O,1561
Cc1ccc(cc1)NC(Cn1c(c(C(Nc2ccc(cc2)[Br])=O)nn1)N)=O,1562
CCOC(N1CCC(CC1)N1C(c2ccccc2C1=O)Nc1cc(cc(c1)C(=O)OC)C(=O)OC)=O,1563
c1ccc2C(N(C(c2c1)Nc1ccc(cc1)F)c1ccccn1)=O,1564
c1cc(ccc1c1cc[nH]n1)N,1565
Cc1cc(NCc2ccc(cc2)F)n2c(c(c3ccc(c(c3)OC)OC)c(C)n2)n1,1566
Cc1cc(NCCC2CCCCC=2)n2c(c(c3ccc(c(c3)OC)OC)c(C)n2)n1,1567
CCc1ccc(Cn2c(c(C(Nc3ccc(cc3)[Br])=O)nn2)N)cc1,1568
CCN1CCc2c(C1)cc1c(c(C(Nc3ccccc3C)=O)sc1n2)N,1569
C(c1cccs1)N1C(c2c(cccn2)C1=O)Nc1ccc(cc1)[Br],1570
CCOc1ccccc1NC(c1c(CO)nccn1)=O,1571
Cc1cc(Nc2ccccc2)nc2cc(ccc12)O,1572
c1ccc2C(N(C(c2c1)Nc1ccccc1F)c1ccc(cc1)[Cl])=O,1573
Cc1ccc2cc3c(N)nn(C(c4cccc(c4)[Cl])=O)c3nc2c1,1574
C1CCN(CC1)C1CCN(CCCNc2c3ccccc3nc(c3nnc(c4ccccc4)o3)n2)CC1,1575
CCN(CC)CCCNc1c2ccccc2nc(c2nnc(c3ccc(C)cc3)o2)n1,1576
COc1ccccc1c1cc(N)n(n1)S(c1cccc2c1nsn2)(=O)=O,1577
c1ccc(cc1)S(n1c(cc(c2cccc(c2)F)n1)N)(=O)=O,1578
CC(C)(C)c1ccc(cc1)c1cc(N)n(n1)S(c1ccc(cc1)OC)(=O)=O,1579
c1cc(ccc1c1cc(N)n(n1)S(c1ccc(cc1)F)(=O)=O)[Br],1580
CCOC(C1CCN(CC1)C1=C(C(C1=O)=O)NC(C)c1ccccc1)=O,1581
CCOC(C1CCN(CC1)C1=C(C(C1=O)=O)NCCCN1CCC(C)CC1)=O,1582
CCOC(C1CCN(CC1)C1=C(C(C1=O)=O)NCCCN1CCCCC1)=O,1583
C1CCC(CCNc2c3ccccc3c(Cc3cccnc3)nn2)=CC1,1584
CCC(C)Nc1c2ccccc2n2c(c(nn2)S(c2ccc(C)cc2)(=O)=O)n1,1585
CC(C)c1ccc(cc1)S(c1c2nc(c3ccccc3n2nn1)N)(=O)=O,1586
C1CCCN(CC1)CCCNc1nc2ccccc2c2nc(c3ccccc3)nn12,1587
C1CC(N(C1)CCCNc1nc2ccccc2c2nc(c3cccnc3)nn12)=O,1588
Cc1cc(C)n(CCc2nc3c4ccccc4nc(NC4CCN(CC4)Cc4ccccc4)n3n2)n1,1589
CCCc1nc2c3ccccc3nc(NCCCN3CCN(CC3)c3ccccc3F)n2n1,1590
CCOC(N1CCC(CC1)NC1=C(C(C1=O)=O)N1CCCC1)=O,1591
CCOC(N1CCC(CC1)NC1=C(C(C1=O)=O)N(Cc1ccccc1)C(C)C)=O,1592
CCOC(N1CCN(CC1)C1=C(C(C1=O)=O)NCCCN1CCCCCC1)=O,1593
CCOC(N1CCN(CC1)C1=C(C(C1=O)=O)NCCN1CCCCCC1)=O,1594
COc1ccc(cc1)c1nc(Nc2ccc(cc2F)F)on1,1595
C(c1ccccc1)Nc1c(cnc2ccc(cc12)[Cl])S(c1ccccc1)(=O)=O,1596
Cc1ccc(CNc2c(cnc3ccc(cc23)F)S(c2ccccc2)(=O)=O)cc1,1597
COc1ccc(cc1)S(c1cnc2ccc(cc2c1NCc1ccc(cc1)F)F)(=O)=O,1598
Cc1ccc2c(c1)c(c(cn2)S(c1ccccc1)(=O)=O)NCc1ccc(cc1)OC,1599
Cc1ccc(cc1)S(c1cnc2ccccc2c1NCc1ccc(cc1)OC)(=O)=O,1600
Cc1ccc(cc1)S(c1cnc2ccccc2c1Nc1cccc(c1)OC)(=O)=O,1601
C1Oc2ccc(cc2O1)Nc1c(cnc2ccc(cc12)F)S(c1ccccc1)(=O)=O,1602
c1ccc(cc1)C(c1c(c(C(O)=O)no1)N)=O,1603
C(CNCc1ccc(C(O)=O)s1)c1ccc(cc1)[Cl],1604
COc1ccc(CCNCc2ccc(C(O)=O)s2)cc1OC,1605
COc1ccccc1CNCc1ccc(C(O)=O)s1,1606
Cc1c(CCC(Nc2cccc(c2)C(F)(F)F)=O)c(C)n2c(n1)nc(CN)n2,1607
Cc1c(CCC(Nc2cccc(c2)OC)=O)c(C)n2c(n1)nc(CN)n2,1608
Cc1c(CCC(Nc2ccc(cc2)OC)=O)c(C)n2c(n1)nc(CN)n2,1609
Cc1c(CCC(Nc2ccc(cc2)[Br])=O)c(C)n2c(n1)nc(CN)n2,1610
Cc1c(CCC(Nc2ccc(cc2F)[Br])=O)c(C)n2c(n1)nc(CN)n2,1611
Cc1cc(ccc1NC(CCc1c(C)nc2nc(CN)nn2c1C)=O)F,1612
Cc1cccc(c1)NC(CCc1c(C)nc2nc(CN)nn2c1C)=O,1613
Cc1c(CCC(Nc2ccc(c(c2)[Cl])F)=O)c(C)n2c(n1)nc(CN)n2,1614
Cc1c(CCC(Nc2ccc(cc2)[Cl])=O)c(C)n2c(n1)nc(CN)n2,1615
Cc1c(CCC(Nc2ccc(CN3CCCCC3)cc2)=O)c(C)n2c(n1)nc(CN)n2,1616
CCc1cccc(c1)NC(CCc1c(C)nc2nc(CN)nn2c1C)=O,1617
Cc1ccc(c(C)c1)NC(CCc1c(C)nc2nc(CN)nn2c1C)=O,1618
Cc1ccc(cc1F)NC(CCc1c(C)nc2nc(CN)nn2c1C)=O,1619
Cc1c(CCC(Nc2cccc(c2)[Br])=O)c(C)n2c(n1)nc(CN)n2,1620
Cc1c(CCC(Nc2ccccc2OC)=O)c(C)n2c(n1)nc(CN)n2,1621
Cc1c(CCC(NCC2CCN(CC2)Cc2ccccc2F)=O)c(C)n2c(n1)nc(CN)n2,1622
Cc1c(CCC(NCC2CCN(CC2)Cc2ccccc2OC)=O)c(C)n2c(n1)nc(CN)n2,1623
Cc1c(CCC(NCC2CCN(CC2)Cc2ccc(cc2)F)=O)c(C)n2c(n1)nc(CN)n2,1624
CCOC(c1ccc(cc1)NC1c2c(cccn2)C(N1c1ccc(C)cc1)=O)=O,1625
CC(c1nc2ccccc2n1CCc1ccccc1)O,1626
C(Cc1nc2ccccc2n1Cc1c(cccc1[Cl])F)CO,1627
C(Cn1c2ccccc2nc1CO)COc1ccc(cc1)[Cl],1628
CC(C)c1ccc(C)cc1OCCCn1c2ccccc2nc1C(C)O,1629
Cc1ccccc1NC(CNS(c1ccccc1)(=O)=O)c1ccccc1,1630
Cc1ccc(cc1)S(NCC(c1ccccc1)Nc1ccc(C)cc1C)(=O)=O,1631
Cc1ccc(cc1)S(NCC(c1ccccc1)Nc1cc(C)ccc1C)(=O)=O,1632
Cc1ccccc1NC(CNS(c1ccc(cc1)[Cl])(=O)=O)c1ccccc1,1633
Cc1ccc(cc1)NC(CNS(c1ccc(cc1)[Cl])(=O)=O)c1ccccc1,1634
C(C(c1ccccc1)Nc1ccc(cc1)[Br])NS(c1ccc(cc1)[Cl])(=O)=O,1635
c1ccn2c(C(c3ccc(cc3)[Cl])=O)c(c(C(Nc3cccc(c3)F)=O)c2c1)N,1636
Cc1ccc(cc1C)C(c1c(c(C(Nc2cccc(c2)F)=O)c2ccccn12)N)=O,1637
C(CNc1nc(cs1)c1c[nH]c2ccccc12)c1ccccc1,1638
COC(CCc1c(c2ccc(cc2)OC)nc(Nc2ccccc2)s1)=O,1639
Cc1cccc(CNc2nc3nc(C)cc(C)n3n2)c1,1640
Cc1cc(C)n2c(n1)nc(NCc1cccc(c1)[Cl])n2,1641
Cc1cc(C)n2c(n1)nc(NCc1ccc(cc1)[Br])n2,1642
CC(C)c1ccc(CNc2nc3nc(C)c(c(C)n3n2)[Cl])cc1,1643
Cn1c2ccccc2nc1CN,1644
Cc1ccc2c(c1)C(C1=C(C(N(CCCO)C13C(N(CC=C)c1ccccc13)=O)=O)O2)=O,1645
CCCN1C(C2(C3=C(C(N2CCO)=O)Oc2ccc(C)cc2C3=O)c2ccccc12)=O,1646
Cc1ccc2c(c1)C(C1=C(C(N(CCO)C13C(N(CC=C)c1ccccc13)=O)=O)O2)=O,1647
Cc1cc2C(C3=C(C(N(CCO)C34C(N(C)c3ccccc34)=O)=O)Oc2cc1C)=O,1648
CCCCC(CC)n1c(cc(n1)O)N,1649
CCCCNc1c(nc(c2ccccc2)o1)S(c1ccccc1)(=O)=O,1650
CCCCNc1c(nc(c2ccc(cc2)F)o1)S(c1ccccc1)(=O)=O,1651
C1CC(CNc2c(nc(c3ccc(cc3)F)o2)S(c2ccccc2)(=O)=O)OC1,1652
COCCCNc1c(nc(c2ccccc2)o1)S(c1ccccc1)(=O)=O,1653
[H]c1ccc(cc1)S(c1c(NCC(C)C)oc(c2ccccc2)n1)(=O)=O,1654
CC(C)CNc1c(nc(c2ccccc2)o1)S(c1ccc(cc1)[Cl])(=O)=O,1655
[H]c1ccc(cc1)S(c1c(NCC(C)C)oc(c2ccc(cc2)F)n1)(=O)=O,1656
[H]c1ccc(cc1)S(c1c(NCCOC)oc(c2ccccc2)n1)(=O)=O,1657
Cc1ccc(cc1)S(c1c(NCCOC)oc(c2cccc(C)c2)n1)(=O)=O,1658
[H]c1ccc(cc1)S(c1c(NCCCN(C)C)oc(c2ccccc2)n1)(=O)=O,1659
Cc1ccc(cc1)c1nc(c(NC2CC2)o1)S(c1ccc(cc1)F)(=O)=O,1660
C(CNc1c(nc(c2ccccc2)o1)S(c1ccc(cc1)[Cl])(=O)=O)Cn1ccnc1,1661
C(CN1CCOCC1)Nc1c(nc(c2ccco2)o1)S(c1ccc(cc1)F)(=O)=O,1662
CCCCNc1c(nc(c2ccc(cc2)[Cl])o1)S(c1ccccc1)(=O)=O,1663
COCCNc1c(nc(c2ccc(cc2)[Cl])o1)S(c1ccccc1)(=O)=O,1664
C(CNc1c(nc(c2ccc(cc2)[Cl])o1)S(c1ccc(cc1)F)(=O)=O)Cn1ccnc1,1665
C(CNc1c(nc(c2ccccc2F)o1)S(c1ccccc1)(=O)=O)Cn1ccnc1,1666
COCCNc1c(nc(c2ccccc2F)o1)S(c1ccc(cc1)F)(=O)=O,1667
Cc1c2ccccc2c(Nc2ccc3c(c2)nc2CN(CCn23)CCOC)nn1,1668
CCc1ccc(cc1)C1c2c(c3ccccc3O)n[nH]c2C(N1CCCO)=O,1669
CCOc1cccc(c1)C1c2c(c3ccccc3O)n[nH]c2C(N1CCO)=O,1670
CN1C(c2c(cn(CCO)c2c2ccc(cc2)[Cl])N(C)C1=O)=O,1671
CN1C(c2c(cn(c3cccc(c3)N)c2c2ccc(cc2)[Cl])N(C)C1=O)=O,1672
C1C(C(=C(N)N1c1cc(ccc1[Cl])[Cl])c1nc2ccccc2[nH]1)=O,1673
Cc1ccc2c(c1)[nH]c(C1=C(N)N(CC1=O)c1ccc(cc1)F)n2,1674
Cc1ccc2c(c1)[nH]c(C1=C(N)N(CC1=O)C1CCCC1)n2,1675
CCOc1cccc(c1)N1CC(C(=C1N)c1nc2ccccc2s1)=O,1676
COCCCN1CC(C(=C1N)c1nc2ccccc2s1)=O,1677
C1C(C(=C(N)N1c1ccc(cc1)Oc1ccccc1)c1nc2ccccc2[nH]1)=O,1678
CC(c1ccc(cc1)N1CC(C(=C1N)c1nc2ccccc2[nH]1)=O)=O,1679
C=CCN1CC(C(=C1N)c1nc2ccccc2[nH]1)=O,1680
Cn1c2ccccc2nc1C1=C(N)N(CC1=O)c1ccc(cc1)N1CCCCC1,1681
CCN(CC)CC(CN1CCn2c3C1CCCc3c1cc(C)ccc12)O,1682
CN1C(N(Cc2ccccc2)C(c2c1nc(NCCN)n2C)=O)=O,1683
CN1C(c2c(nc(NCCN)n2Cc2cc(ccc2[Cl])OC)N(C)C1=O)=O,1684
CCCOc1cccc(c1)C1c2c(c3cc(C)ccc3O)n[nH]c2C(N1CCCO)=O,1685
C=CCNc1cc(c2ccccc2)nc2nncn12,1686
C(CNc1cc(c2ccccc2)nc2nncn12)c1ccccc1,1687
C(CNc1cc(c2ccccc2)nc2nncn12)c1ccc(cc1)[Cl],1688
CCc1c(C)nc2nncn2c1NCc1ccc(cc1)OC,1689
C(CNc1c(C#N)nc(C=Cc2ccc(cc2)F)o1)CN1CCOCC1,1690
C1CC(CNc2c(C#N)nc(C=Cc3ccc(cc3)F)o2)OC1,1691
CCCOc1ccc(cc1)C1c2c(c3c(C)cc(C)cc3O)n[nH]c2C(N1CCO)=O,1692
CCCCNc1nc(nc(n1)Oc1ccc(nn1)OCCC)N1CCOCC1,1693
Cc1c2c(c(NCCCN3CCOCC3)nn1)n(Cc1ccccc1[Cl])nn2,1694
CC(C)Nc1c2c(c(C)nn1)nnn2Cc1ccccc1[Cl],1695
[H]N(CCNC(c1c(N)non1)=O)Cc1cccc(c1)[Br],1696
[H]N(CCNC(c1c(N)non1)=O)Cc1cc(ccc1OCc1ccc(cc1)F)[Br],1697
CCC(c1nc2ccccc2n1Cc1ccccc1F)O,1698
CCC(c1nc2ccccc2n1CCCOc1ccccc1C)O,1699
Cc1cccc(Cn2c3ccccc3nc2CCNC(CCCO)=O)c1,1700
CCCn1c2ccccc2nc1CCNC(CCC(C)O)=O,1701
CC(CCC(NCCc1nc2ccccc2n1Cc1c(C)c(C)cc(C)c1C)=O)O,1702
C(CNC(c1c(CO)nn(c2ccc(cc2)F)n1)=O)c1ccccc1,1703
CCOc1ccc(cc1)n1nc(CO)c(C(NCc2cccc(c2)OC)=O)n1,1704
CCc1ccc(cc1)n1nc(CO)c(C(NCCc2ccccc2)=O)n1,1705
C=CCNc1nc(cs1)c1c[nH]c2ccccc12,1706
CC(C(=O)OC)Nc1cc(C)nc2nc(c3ccccc3)nn12,1707
CCCNc1cc(C)nc2nc(c3ccc(C)cc3)nn12,1708
Cc1cc(Nc2ccccc2)n2c(n1)nc(c1ccc(cc1)[Cl])n2,1709
Cc1cc(Nc2ccc(cc2)F)n2c(n1)nc(c1ccc(cc1)OC)n2,1710
Cc1cc(N(CCO)CCO)n2c(n1)nc(Cc1ccccc1)n2,1711
Cc1cc(NC(C(=O)OC)c2ccccc2)n2c(n1)nc(Cc1ccccc1)n2,1712
CCOC(c1cccc(c1)NC1c2ccccc2S(N=1)(=O)=O)=O,1713
Cc1ccc(c(c1)NC1c2ccccc2S(N=1)(=O)=O)OC,1714
[H]N(Cc1ccccc1)Cc1ccc2c(c1)N(C)C(N2C)=O,1715
[H]N(CCCOCC)Cc1ccc2c(c1)N(C)C(N2C)=O,1716
[H]N(CCC)Cc1ccc2c(c1)N(C)C(N2C)=O,1717
[H]N(Cc1ccc2c(c1)N(C)C(N2C)=O)C1CCCCCC1,1718
Cc1nc(cc(NCCN2CCOCC2)n1)c1ccccc1,1719
c1ccc(cc1)c1cc(Nc2ccc(cc2)C(O)=O)ncn1,1720
CCOC(c1cccc(c1)Nc1cc(c2ccccc2)ncn1)=O,1721
CCCOC(c1ccc(cc1)Nc1c2CCCc2nc(n1)SC)=O,1722
CCOC(c1cnc(C)nc1Nc1ccc(cc1)F)=O,1723
c1ccc(cc1)c1cc(Nc2ccc(cc2)[Br])ncn1,1724
CSc1nc2CCCc2c(Nc2cccc(c2)O)n1,1725
Cc1nc(cc(Nc2cccc(c2)OC)n1)c1ccccc1,1726
CC(c1ccc(cc1)Nc1cc(c2ccccc2)nc(C)n1)=O,1727
CCN(CC)c1ccc(cc1)Nc1cc(C)nc(C)n1,1728
Cc1nc(cc(Nc2ccc(cc2)N2CCOCC2)n1)c1ccccc1,1729
C1CCN(CC1)C(c1cc(ccc1N)N1CCCCC1)=O,1730
CN1C(N(C)c2cc(COc3ccc(CNCc4cccnc4)cc3OC)ccc12)=O,1731
CN1C(N(C)c2cc(COc3ccc(CNCCOC)cc3OC)ccc12)=O,1732
CN1C(N(C)c2cc(ccc12)C(COc1ccc(CNCc2cccs2)cc1)O)=O,1733
CN1C(N(C)c2cc(ccc12)C(COc1ccc(CNCCc2ccc(cc2)F)cc1)O)=O,1734
CN1C(N(C)c2cc(ccc12)C(COc1ccc(CNC2CCCCCC2)cc1)O)=O,1735
CN1C(N(C)c2cc(ccc12)C(COc1ccc(CNCc2ccc(cc2)OC)cc1)O)=O,1736
Cc1ccc(cc1)OCc1ccc(c2nc(C#N)c(NCCCN3CCOCC3)o2)o1,1737
Cc1c(C(N2CCN(CC2)CCO)=O)sc(n1)n1c(C)c(Cc2ccccc2)c(C)n1,1738
CC1(C)CC(CCO1)CNCCN(C)C,1739
CCN(CC)CCNCC1CCOC(C)(C)C1,1740
CC1(C)CC(CCO1)CNCCCN(C)C,1741
CCN(CC)CCCNCC1CCOC(C)(C)C1,1742
CC1(C)CC(CCO1)CNCCc1ccc(c(c1)OC)OC,1743
C1CCC2(CC1)Cc1ccccc1C1=C2C(N(Cc2ccco2)C(=N1)SCCO)=O,1744
C(c1nnc(o1)SCc1cccc(c1)[Br])N,1745
[H]N(Cc1ccc(cc1)OC)c1c2c(csc2ncn1)c1ccccc1,1746
[H]N(Cc1ccccc1)c1c2c(csc2ncn1)c1ccc(C)cc1,1747
CCCC(c1nc2ccccc2n1CCOc1ccc(cc1)[Cl])O,1748
Cc1ccccc1c1nc(c2cccnc2NCc2ccco2)on1,1749
Cc1ccccc1c1nc(c2cccnc2NC2CCCCC2)on1,1750
Cc1cccc(c1)c1nc(c2cccnc2NCc2ccccc2OC)on1,1751
COc1ccc(cc1)c1nc(c2cccnc2NCC2CCCO2)on1,1752
COc1ccc(cc1)c1nc(c2cccnc2NC2CCCC2)on1,1753
COc1ccc(cc1)c1nc(C(NCCO)=O)nn1c1ccccc1[Cl],1754
C1CCC2=C(C1)N1C(=NC=C(C(NCCCO)=O)C1=O)S2,1755
Cc1cccc(c1)Nc1ncc2C(CC(Cc2n1)c1ccc(c(c1)OC)OC)=O,1756
CN1C(c2c(cn(c2c2cccc(c2)[Br])C(CO)(CO)CO)N(C)C1=O)=O,1757
CCNc1nc(nc(n1)n1cnc(n1)SCc1ccccc1)N1CCCC1,1758
CCCCNc1nc(nc(n1)n1cnc(n1)SCc1ccccc1)N(C)C,1759
CCC(C)Nc1nc(nc(n1)n1cnc(n1)SCc1ccccc1)N(C)C,1760
CC(C)CNc1nc(nc(n1)n1cnc(n1)SCc1ccccc1)N(C)C,1761
Cc1cc(NC2CCCCC2)n2c(cc(c3ccc(c(c3)OC)OC)n2)n1,1762
CCCNc1cc(C)nc2cc(c3ccc(c(c3)OC)OC)nn12,1763
CCCNc1cc(C)nc2cc(c3ccccc3OC)nn12,1764
C1CCN(CC1)C(c1cccc(c1)Nc1c(c2ccccc2)nc2cnccn12)=O,1765
COc1cc(ccc1O)c1c(Nc2cccc(c2)C(O)=O)n2ccncc2n1,1766
Cc1ccc2c(c1)cc(c(NCc1ccccc1)n2)c1nc(C)on1,1767
Cc1ccc(CNc2c(cc3ccccc3n2)c2nc(C)on2)cc1,1768
Cc1cccc(c1C)N1CCN(CC1)CC(c1c[nH]c2ccccc12)O,1769
Cc1ccc(cc1)Nc1cc(nc(C)n1)N1CCN(CC1)C(c1cccs1)=O,1770
Cc1cc(C)n2c(n1)nc(CNc1cccc(c1)[Cl])n2,1771
CN(C)S(c1ccc(cc1)c1nc(C#N)c(NC2CCCCC2)o1)(=O)=O,1772
CCNc1c(C#N)nc(c2ccc(cc2)S(N2CCOCC2)(=O)=O)o1,1773
CC(C)CNc1c(C#N)nc(c2ccc(cc2)S(N2CCOCC2)(=O)=O)o1,1774
C1CC1Nc1c(C#N)nc(c2ccc(cc2)S(N2CCOCC2)(=O)=O)o1,1775
CC1(C)CC(CCNCc2ccc3c(c2)OCO3)(CCO1)c1ccccc1OC,1776
CC1(C)CC(CCNC2CCN(C)CC2)(CCO1)c1cccc(c1)C(F)(F)F,1777
CC1(C)CC(CCNCCCN(C)C)(CCO1)c1cccc(c1)C(F)(F)F,1778
CC1(C)CC(CCNCc2cccnc2)(CCO1)c1cccc(c1)C(F)(F)F,1779
Cc1ccc(cc1)C1(CCNCCN2CCOCC2)CCOC(C)(C)C1,1780
C(CO)NC(C1C=COc2ccccc2C=1)=O,1781
C(CO)NC(C1C=COc2ccc(cc2C=1)[Br])=O,1782
C(CNc1c2c(cn(c3ccccc3[Cl])c2ncn1)c1ccccc1)CN1CCOCC1,1783
C=CCNc1c2c(cn(c3ccccc3[Cl])c2ncn1)c1ccccc1,1784
C1Cn2c3ccccc3nc2CN1c1cccc(c1)N,1785
C1Cn2c3ccc(cc3nc2CN1c1cccc(c1)N)[Cl],1786
CC(c1ccccc1)N[C@H]1CS(C[C@@H]1S(c1ccc(cc1)F)(=O)=O)(=O)=O,1787
C1CC1N[C@H]1CS(C[C@@H]1S(c1ccc(cc1)[Cl])(=O)=O)(=O)=O,1788
COCCN[C@H]1CS(C[C@@H]1S(c1ccc(cc1)[Cl])(=O)=O)(=O)=O,1789
C(c1ccc(cc1)F)N[C@H]1CS(C[C@@H]1S(c1ccc(cc1)[Cl])(=O)=O)(=O)=O,1790
C(C(c1nc2ccccc2[nH]1)NC(c1ccccc1)=O)O,1791
Cc1cccc(c1)c1cc(Nc2cccc(c2)C(F)(F)F)nc(C)n1,1792
Cc1ccc(cc1)c1cc(Nc2ccccc2F)nc(C)n1,1793
Cc1nc(cc(Nc2cccc(c2)C(=O)OC)n1)c1ccc(cc1)OC,1794
CC(c1cccc(c1)Nc1cc(c2ccc(cc2)OC)nc(C)n1)=O,1795
CCCCCN1CC(C(=C1N)c1nc2ccccc2[nH]1)=O,1796
[H]C([H])(CC)c1cc(NCCCC)n2c(n1)nc(c1cccnc1)n2,1797
CCCNc1cc(C(C)C)nc2nc(c3cccnc3)nn12,1798
CC(C)c1cc(Nc2ccc(cc2)N(C)C)n2c(n1)nc(c1cccnc1)n2,1799
CCCCCCNc1cc(c2ccccc2)nc2nc(c3cccnc3)nn12,1800
C1CCC(C1)Nc1cc(c2ccccc2)nc2nc(c3cccnc3)nn12,1801
Cc1cc(NCC(N2CCN(CC2)c2ccccc2)=O)n2c(n1)nc(c1cccnc1)n2,1802
Cc1cc(NCC(N2CCN(CC2)c2ccc(cc2)F)=O)n2c(n1)nc(c1cccnc1)n2,1803
CCCNc1cc(C)nc2c(C)c(c3cccc(c3)[Cl])nn12,1804
Cc1c(c2ccc(cc2)OC)nn2c(cc(C)nc12)N1CCN(CC1)CCO,1805
Cc1ccc(cc1)c1c(C)c2nc(C)cc(NC)n2n1,1806
CCCNc1cc(C)nc2c(C)c(c3ccc(C)cc3)nn12,1807
Cc1cc(C)cc(c1)OCC(Cn1c2ccccc2nc1C)O,1808
COc1ccc(Cc2nc3ccccc3n2CC(COc2ccccc2)O)cc1,1809
Cc1cccc(C)c1OCC(Cn1c2ccccc2nc1C1CC(N(C1)c1cccc(c1)OC)=O)O,1810
Cc1cc(C)cc(c1)OCC(Cn1c2ccccc2nc1C1CC(N(C1)C(C)(C)C)=O)O,1811
c1ccc2c(c1)C(=C(C(N)=O)S2(=O)=O)Nc1cccc(c1)C(F)(F)F,1812
CN(C)c1ccc(cc1)NC1=C(C(N)=O)S(c2ccccc12)(=O)=O,1813
C1CC1NC1=C(C(N)=O)S(c2ccccc12)(=O)=O,1814
Cc1ccc(cc1)Nc1nc(C)cc(n1)N1CCN(CC1)C(c1ccco1)=O,1815
CCNc1nc(C)cc(n1)N1CCN(CC1)S(c1ccc(cc1)OC)(=O)=O,1816
CCNc1nc(C)cc(n1)N1CCN(CC1)S(c1ccc(cc1)[Cl])(=O)=O,1817
CN(C)c1ccc(cc1)c1c(Nc2ccc(cc2)[Br])n2ccncc2n1,1818
CN(C)c1ccc(cc1)c1c(Nc2cccc(c2)[Cl])n2ccncc2n1,1819
Cc1ccc(cc1C)S(N1CCN(CC1)c1cc(C)nc(NC2CCCCC2)n1)(=O)=O,1820
CCCCOc1ccc(cc1)S(N1CCN(CC1)c1cc(C)nc(NC2CCCCC2)n1)(=O)=O,1821
CN1C(N(C)c2cc(CNc3ccc(c(c3)C(O)=O)[Cl])ccc12)=O,1822
CCN(CC)CCCNCc1ccc2c(c1)N(C)C(N2C)=O,1823
[H]N(Cc1cccnc1)Cc1ccc(c2ccccc2)o1,1824
[H]N(CCN(CC)CC)Cc1ccc(c2ccccc2)o1,1825
[H]N(CCc1ccc(cc1)S(N)(=O)=O)Cc1ccc(c2ccc(cc2)[Cl])o1,1826
[H]N(Cc1ccco1)Cc1ccc(c2cccc(c2)[Cl])o1,1827
CC(C)NCc1ccc(c2ccc(c(c2)[Cl])OC)o1,1828
CCC(CO)NCc1ccc(c(c1)OC)OCc1ccc2c(c1)N(C)C(N2C)=O,1829
Cc1cccc(CNc2c(cc3cccc(C)c3n2)c2nc(C)on2)c1,1830
Cc1ccc2cc(c(NCc3cc(ccc3F)F)nc2c1)c1nc(C)on1,1831
CCCc1nc(c2cc3ccc(C)cc3nc2NCc2ccc(cc2)OC)no1,1832
Cc1ccc2c(c1)cc(c(NCc1ccc(cc1F)F)n2)c1nc(C)on1,1833
Cc1ccc2cc(c(NCc3cc(cc(c3)F)F)nc2c1)c1nc(C)on1,1834
Cc1ccc2c(c1)cc(c(NCc1ccc(cc1[Cl])F)n2)c1nc(C)on1,1835
Cc1ccc(CNc2c(cc3cccc(C)c3n2)c2nc(C)on2)cc1,1836
Cc1ccc2c(c1)cc(c(NCc1cccc(c1)[Cl])n2)c1nc(C)on1,1837
CC(C)c1nc(c2cc3cccc(C)c3nc2NCc2ccco2)no1,1838
Cc1ccc2c(c1)cc(c(NCc1cccc(c1)OC)n2)c1nc(C)on1,1839
Cc1ccc2cc(c(Nc3ccc(cc3)F)nc2c1)c1nc(C)on1,1840
C1Cc2ccccc2NC(C1SCC(Nc1ccc(CCO)cc1)=O)=O,1841
CC(Nc1ccc(cc1)N1CC(C(=C1N)c1nc(C)c(C)s1)=O)=O,1842
CN(C)c1ccc(cc1)N1CC(C(=C1N)c1nc(cs1)c1ccccc1)=O,1843
COc1ccc(cc1)c1csc(C2=C(N)N(CC2=O)c2ccccc2[Cl])n1,1844
COc1ccc(cc1)c1csc(C2=C(N)N(CC2=O)C2CCCCCCC2)n1,1845
CCOC(c1cnc2c(c3ccc(cc3)[Br])c(C)nn2c1N)=O,1846
COCc1c(c2ccc(cc2)F)c2nnc(C#N)c(N)n2n1,1847
CC(C)NC1=C2CCCCC2=C(C#N)c2nc3ccccc3n12,1848
Cc1c(C)nc2c(cnn2c1NCC1CCCO1)c1ccccc1,1849
c1cc2c(nc1)nc(c1cc(ccc1O)N)o2,1850
c1ccc(cc1)n1c(c(c2nc3ccccc3s2)nn1)N,1851
CCCc1c(C(NCCO)=O)nnn1c1ccc(cc1)[Cl],1852
COc1ccc(cc1)c1c(NC2CCCCCCC2)n2c(c(C#N)cn2)[nH]1,1853
CC1CCCC(C1C)Nc1c(c2ccc(cc2)[Cl])[nH]c2c(C#N)cnn12,1854
CCN(CC)c1ccc(c(C)c1)NC1C(C)=C(c2ccc(C)cc2)S(N=1)(=O)=O,1855
CCOC(c1ccc(cc1)NC1C(C)=C(c2ccc(C)c(C)c2)S(N=1)(=O)=O)=O,1856
CC1=C(c2ccc(cc2)[Cl])S(N=C1Nc1cccc(c1)OC)(=O)=O,1857
CC1=C(c2ccc(cc2)[Cl])S(N=C1Nc1ccc(cc1OC)OC)(=O)=O,1858
CC1=C(c2ccc(cc2)OC)S(N=C1Nc1ccc(cc1OC)OC)(=O)=O,1859
CCc1ccc(cc1)NC1C(C)=C(c2ccc(cc2)OC)S(N=1)(=O)=O,1860
CC1CCN(CC1)Cc1ccc(cc1)NC1C(C)=C(c2ccc(cc2)OC)S(N=1)(=O)=O,1861
CC1=C(c2cccc(c2)[Br])S(N=C1Nc1cc(ccc1F)F)(=O)=O,1862
CC(C)c1ccc(cc1)C1=C(C)C(NCCc2ccccc2)=NS1(=O)=O,1863
CCc1ccccc1NC1C(C)=C(c2ccccc2)S(N=1)(=O)=O,1864
c1cc(c(cc1NS(c1cc(cnc1N)[Br])(=O)=O)C(F)(F)F)[Cl],1865
CCc1cccc(C)c1NS(c1cc(cnc1N)[Br])(=O)=O,1866
CCc1cccc(c1)NS(c1cc(cnc1N)[Br])(=O)=O,1867
COC(c1ccc(cc1)NS(c1cc(cnc1N)[Br])(=O)=O)=O,1868
CCN(CCCNc1nc2c(c3ccccc3n2C)nn1)c1cccc(C)c1,1869
Cn1c2ccccc2c2c1nc(NCCCN1CCCCCC1)nn2,1870
Cc1nnc2c(Nc3cccc(c3)C(F)(F)F)nc3ccccc3n12,1871
CCC(C)(C)NC1=C(C(C1=O)=O)c1ccc(C)cc1,1872
c1ccc(cc1)C1=C(C(C1=O)=O)Nc1cccc(c1)C(F)(F)F,1873
CCOc1ccc(c(c1)NC1=C(C(C1=O)=O)c1ccccc1)OCC,1874
Cc1ccc(cc1C)C1=C(C(C1=O)=O)NCCCc1ccccc1,1875
CCN(CC)c1ccc(c(C)c1)NC1=C(C(C1=O)=O)c1ccc(C)c(C)c1,1876
CCC(C)NC1=C(C(C1=O)=O)c1ccc(cc1)C(C)C,1877
CC(C)c1ccc(cc1)C1=C(C(C1=O)=O)NC1CCCCCC1,1878
CC(C)c1ccc(cc1)C1=C(C(C1=O)=O)NC1CCCCC1,1879
CC(C)c1ccc(cc1)C1=C(C(C1=O)=O)NCc1ccccc1OC,1880
CC(C)c1ccc(cc1)C1=C(C(C1=O)=O)NCc1ccc(cc1)N(C)C,1881
COc1ccc2c(CNCCc3ccco3)c(C(O)=O)n(Cc3ccccc3F)c2c1,1882
COc1ccc2c(CNCc3ccccc3)c(C(O)=O)[nH]c2c1,1883
CCc1ccc(CNCc2c3ccc(C)cc3[nH]c2C(O)=O)cc1,1884
Cc1cccc(C)c1NCc1ccc(C(O)=O)s1,1885
CCc1cccc(C)c1NCc1ccc(C(O)=O)s1,1886
C1CCc2c(C1)c(CO)cs2,1887
CCSc1c2Cc3c(CO)cnc(C)c3Oc2nc(c2cccc(c2)[Cl])n1,1888
CC1Cc2cc(ccc2N1C(C1CC1)=O)S(N(CCO)Cc1ccccc1)(=O)=O,1889
CC(C)c1ccc(cc1)n1c(c(c2nc(c3ccc(cc3)[Cl])no2)nn1)N,1890
Cc1c(cccc1[Cl])n1c(c(c2nc(c3ccc(cc3)F)no2)nn1)N,1891
CCOc1ccc(cc1)c1nc(c2c(N)n(c3ccccc3[Cl])nn2)on1,1892
CCOc1ccc(cc1)c1nc(c2c(N)n(c3cccc(c3C)[Cl])nn2)on1,1893
COc1ccc(c(c1)c1nc(Nc2ccc(cc2F)F)on1)OC,1894
COc1ccc(c(c1)c1nc(Nc2cc(ccc2OC)[Cl])on1)OC,1895
CCN(CCCNc1nc(c2cc(ccc2OC)OC)no1)c1ccccc1,1896
Cc1cc(C)n(c2c(NCc3ccccc3)nc3ccc(cc3n2)[Cl])n1,1897
Cc1cc(C)n(c2c(NCc3cccc(c3)OC)nc3ccc(cc3n2)[Cl])n1,1898
C(c1ccccc1F)N1c2ccccc2C2=C(C(C(C#N)=C(N)O2)c2ccc(cc2)F)S1(=O)=O,1899
Cc1ccccc1CN1c2ccccc2C2=C(C(C(C#N)=C(N)O2)c2ccccc2F)S1(=O)=O,1900
Cc1cccc(c1)C1C(C#N)=C(N)OC2=C1S(N(Cc1ccccc1C)c1ccccc12)(=O)=O,1901
CCc1ccc(cc1)C1C(C#N)=C(N)OC2=C1S(N(Cc1ccccc1C)c1ccccc12)(=O)=O,1902
Cc1ccc(CNC2=C(C(C2=O)=O)c2ccc(cc2)[Cl])cc1,1903
Cc1cc(ccc1[Br])NC1=C(C(C1=O)=O)c1ccc(cc1)[Cl],1904
CCN(CC)c1ccc(c(C)c1)NC1=C(C(C1=O)=O)c1ccc(cc1)[Cl],1905
CCc1nnc2c(Nc3ccc(cc3)C(O)=O)nc3ccccc3n12,1906
Cc1ccc(C)c(c1)Nc1nc2ccccc2c2nnc(C)n12,1907
CCCNC1=C(C(C1=O)=O)c1cc(C)c(C)cc1C,1908
C(CNc1c2c(c3ccc(cc3)F)noc2ncn1)c1ccsc1,1909
C1C2CC3CC1CC(C2)(C3)N,1910
CC(COc1ccccc1)N(CC[Cl])Cc1ccccc1,1911
C(c1ccccc1)N=C(N)NC(c1c(N)nc(c(n1)[Cl])N)=O,1912
C[N+](C)(C)CC(O)=O,1913
CCN(CC)CCCC(C)Nc1ccnc2cc(ccc12)[Cl],1914
CCOC(Nc1ccc(NCc2ccc(cc2)F)nc1N)=O,1915
C(CNc1ccc(c2C(c3c(ccc(c3C(c12)=O)O)O)=O)NCCNCCO)NCCO,1916
C1C(C1N)c1ccccc1,1917
Cn1ccc2cc3c(CCN3C(Nc3cccnc3)=O)cc12,1918
C(CCNCCCN)CN,1919
C(CCCN=C(N)N=C(N)Nc1ccc(cc1)[Cl])CCN=C(N)N=C(N)Nc1ccc(cc1)[Cl],1920
CN(C)CCN(Cc1ccc(cc1)[Cl])c1ccccn1,1921
CCN1C=C(C(O)=O)C(c2cc(c(nc12)N1CCNCC1)F)=O,1922
C1CC1N1C=C(C(O)=O)C(c2cc(c(cc12)N1CCNCC1)F)=O,1923
c1cc2C(c3cc(cc(c3C(c2c(c1)O)=O)O)C(O)=O)=O,1924
C(C(c1ccc(cc1[Cl])[Cl])OCc1ccc(cc1)[Cl])n1ccnc1,1925
CCOC([C@H](CCc1ccccc1)N[C@@H](C)C(N1CCC[C@@H]1C(O)=O)=O)=O,1926
Cc1c(C(c2ccc(cc2)OC)=O)c2ccc(cc2n1CCN1CCOCC1)I,1927
[H][C@]12C[C@H](/C=C\C=C/C=C\C\=C\C=C/C=C\C=C/[C@H](C)[C@H]([C@@H](C)[C@H](C)OC(C[C@@H](C[C@@H](CC[C@H]([C@@H](C[C@@H](C[C@@](C[C@@H]([C@@H]1C(O)=O)O)(O)O2)O)O)O)O)O)=O)O)O[C@H]1[C@H]([C@H]([C@H]([C@@H](C)O1)O)N)O,1928
CS(=O)(=O)OCCCCOS(C)(=O)=O,1929
CCC(C)CCCCC(N[C@@H](CCN)C(NC(C(N[C@H](CCN)C(N[C@@H]1CCNC(C([C@@H](C)O)NC([C@@H](CCN)NC([C@@H](CCN)NC([C@@H](CC(C)C)NC([C@H](Cc2ccccc2)NC([C@H](CCN)NC1=O)=O)=O)=O)=O)=O)=O)=O)=O)[C@@H](C)O)=O)=O,1930
C1CN1P(N1CC1)(N1CC1)=S,1931
C(C(Cn1cncn1)(c1ccc(cc1F)F)O)n1cncn1,1932
CC(C)(C)c1ccc(cc1)C(CC(c1ccc(cc1)OC)=O)=O,1933
CC(=O)OCC(CCn1cnc2cnc(N)nc12)COC(C)=O,1934
[H][C@@]12CC[C@@H]([C@@]1(C)CC[C@]1([H])[C@@]3([H])CCC(C=C3CC[C@]12[H])=O)OC(CCc1ccccc1)=O,1935
C([C@H](C(O)=O)N)SC(c1ccccc1)(c1ccccc1)c1ccccc1,1936
CC(=O)OC[C@@H]1[C@H]([C@@H]([C@H]([C@@H](O1)S[Au])OC(C)=O)OC(C)=O)OC(C)=O,1937
C1C(N=C2Nc3ccc(c(c3CN12)[Cl])[Cl])=O,1938
[H][C@]12C=C(C(C[C@@]13CCN(C)[C@]2([H])Cc1ccc(c(c13)O)OC)=O)OC,1939
CC(C)=CC[C@H](C1=CC(c2c(ccc(c2C1=O)O)O)=O)O,1940
C1CNCCNCCCN(CCNC1)Cc1ccc(CN2CCCNCCNCCCNCC2)cc1,1941
C1CN=C(c2ccc(cc2)NC(C=Cc2ccc(C=CC(Nc3ccc(cc3)C3NCCN=3)=O)cc2)=O)N1,1942
CCOC(N1CCN(CC1)[N+](=NOc1ccc(cc1[N+]([O-])=O)[N+]([O-])=O)[O-])=O,1943
CCCCN(CCCC)CC(c1cc(cc2C(=Cc3ccc(cc3)[Cl])c3cc(ccc3c12)[Cl])[Cl])O,1944
CC(C)c1cc(cc2c1C(N(COC1=CC(N3C=CC=C(C3=N1)OCCN1CCCCC1)=O)S2(=O)=O)=O)OC,1945
C1[C@@H]([C@H]([C@H]([C@H]([C@@H]1N)O[C@@H]1[C@H]([C@H]([C@@H]([C@@H](CO)O1)O)N)O)O)O[C@@H]1[C@@H](C[C@H]([C@@H](CN)O1)O)N)N,1946
CCCCN(CCCC)CCC(c1cc2c(cc(cc2c2cc(ccc12)C(F)(F)F)[Cl])[Cl])O,1947
C(C(O)=O)O.[N-].[N-].[Pt++],1948
C(CCOc1ccc(cc1)C(Nc1cccc2C(C=C(c3nn[nH]n3)Oc12)=O)=O)Cc1ccccc1,1949
[H][C@]12[C@@]3(CC)C=CCN2CC[C@@]12c1cc(c(cc1N(C)[C@@]2([H])[C@](C(N)=O)([C@@H]3O)O)OC)[C@]1(CC2CC(CC)(CN(CCc3c4ccccc4[nH]c13)C2)O)C(=O)OC,1950
CCCCCCCCCCCCCCCC(=O)O[C@@H]1[C@H]([C@H]([C@@H]([C@@H]([C@H](C)[Cl])NC([C@@H]2C[C@@H](CCC)CN2C)=O)O[C@@H]1SC)O)O.[Cl],1951
CCc1ccc(C=C2C(NC(=S)S2)=O)cc1,1952
CCN(CC)CCN1C(C(Cc2ccc(cc2)OC)=Nc2ccccc12)=O,1953
CC(=O)Oc1cc2CN(CCc2s1)C(C(C1CC1)=O)c1ccccc1F,1954
C(CCOC1=COC(CN2CCOCC2)=CC1=O)CCSc1ccnc2cc(ccc12)C(F)(F)F,1955
C1C(CN1)Nc1cccc(c2cnc3ccc(cn23)[Cl])n1,1956
COc1ccc2c(c(c3ccc(cc3n2)[Cl])N=C2C=C(CN3CCCC3)C(C(CN3CCCC3)=C2)=O)n1,1957
C(c1cc(ccc1c1cn[nH]c1)NC(Nc1nnc(c2ccncc2)s1)=O)#N,1958
C1CCN[C@@H](C1)[C@H](c1ccccc1)NC(c1cccc(c1[Cl])C(F)(F)F)=O,1959
C1CCN(C1)CCOc1ccc2cc1COC/C=C\CCOc1cccc(c1)c1ccnc(N2)n1,1960
Cc1ccc(c(c1)NC(Nc1ccc(cc1)c1cccc2c1c(N)n[nH]2)=O)F,1961
Cc1ccc(cc1)S(=O)(=O)OCC(Nc1ccc(C(O)=O)c(c1)O)=O,1962
Cc1cc(c2c3ccccc3c(Nc3ccc(cc3)Oc3c(cccn3)c3ccnc(N)n3)nn2)sc1,1963
C(CCN1CCCC1)CNC(Nc1c(C(N)=O)c(ns1)OCc1c(cc(cc1F)[Br])F)=O,1964
Cc1c2cc(ccc2n[nH]1)c1cc(cnc1)OC[C@H](Cc1ccccc1)N,1965
CC1C=C(C2=NC(=CC(N2C=1)=O)N1CCOCC1)[C@@H](C)Nc1ccccc1C(O)=O,1966
C(CC(O)=O)C1CCC(CC1)(c1cc(ccc1F)F)S(c1ccc(cc1)[Cl])(=O)=O,1967
C1CNCCC1n1cc(cn1)c1cnc2cccc(c3cc(c(CN4CCOCC4)c(c3)F)F)c2n1,1968
Cc1ccc(cc1c1ccc2c(c1)cnc(NCCN1CCOCC1)n2)C(Nc1cccc(c1)C(F)(F)F)=O,1969
CCC(N1CCN(CC1)c1ccc(cc1C(F)(F)F)N1C(C=Cc2cnc3ccc(cc3c12)c1cc2ccccc2nc1)=O)=O,1970
C(CC(O)(P(O)(O)=O)P(O)(O)=O)CN.O.O.O.[Na+],1971
C(CN1CCN(CC1)c1ccnc2cc(ccc12)[Cl])CN1CCN(CC1)c1ccnc2cc(ccc12)[Cl],1972
[H][C@]12CC[C@@]3([H])[C@]4([H])CC[C@@](C)([C@@]4(C)CC[C@@]3([H])[C@@]2(C)COC(C1)=O)O,1973
C[C@@H](C(C)(C)C)NCc1ccc2c(c1)nc(NC(c1ccc(c3cn[nH]c3)s1)=O)n2CCc1ccccc1,1974
[H][C@@]12CC([C@H]([C@@](C)(n3c4ccccc4c4c5C(NC(c5c5c6ccccc6n1c5c34)=O)=O)O2)OC)N(C)C(c1ccccc1)=O,1975
C(CN(CCO)Cc1ccc(C=CC(NO)=O)cc1)c1c[nH]c2ccccc12,1976
C([C@@H]1[C@@H]([C@@H]([C@H](N2C=CC(NC2=O)=O)O1)F)O)O,1977
C=CC(Nc1ccc2c(c1)c(Nc1ccc(c(c1)[Cl])OCc1cccc(c1)F)ncn2)=O,1978
C(C(Nc1ccc(cc1)n1c(cc(C(F)(F)F)n1)c1ccc2c(ccc3ccccc23)c1)=O)N,1979
CN1CCN(CC1)c1ccc(cc1)Nc1ncc(c(n1)Sc1cccc(c1)NC(C=C)=O)[Cl],1980
CCCCCCCCCCCCc1ccc(cc1)S(Nc1nncs1)(=O)=O,1981
CC(C)c1cnn2c(cc(NCCCCCCN)nc12)NCc1ccccc1,1982
Cn1c2ccc(cc2nc1CNc1ccc(cc1)C(N)=N)C(N(CCC(O)=O)c1ccccn1)=O,1983
C([C@@H]1[C@@H]([C@H]([C@H]([C@H](OC[C@@H]2[C@@H]([C@H]([C@H]([C@H](O[C@@H](C#N)c3ccccc3)O2)O)O)O)O1)O)O)O)O,1984
CC1(C)CC(c2c(C(F)(F)F)nn(c3ccc(C(N)=O)c(c3)NC3CCC(CC3)OC(CN)=O)c2C1)=O,1985
CCS(c1cccc(c1)c1cc(C(NC2CCN(C)CC2)=O)c(C)c2c1c1cc(C)cnc1[nH]2)(=O)=O,1986
CS(N1CCc2c(c3cnc(N)nc3)nc(nc12)N1CCOCC1)(=O)=O,1987
Cn1cc(cn1)c1cnn2c(c(c([C@H]3CCCNC3)nc12)[Br])N,1988
Cc1cc(ccc1Oc1ccn2c(c1)ncn2)Nc1c2cc(ccc2ncn1)c1ccc(CNCCS(C)(=O)=O)o1,1989
C1CCN(C1)C(Nc1cccc(c1)Nc1ncc(c(NCCc2cnc[nH]2)n1)[Br])=O,1990
C1C(C(O)=O)N=C(C=C1C=CN1C(Cc2cc(c(cc12)O)OC1C(C(C(C(CO)O1)O)O)O)C(O)=O)C(O)=O,1991
Cc1ccccc1C(c1ccc(cc1[Cl])Nc1ccc(cc1N)[Br])=O,1992
CCC(=C(c1ccc(cc1)O)c1ccc(cc1)OCCNC)c1ccccc1,1993
COc1cc(C[C@@H](CO)[C@@H](Cc2ccc(c(c2)OC)O)CO)ccc1O,1994
C[C@@H](c1ccccc1)NC(c1c(ccs1)OCc1ccc(cc1)[Cl])=O,1995
C1CC1NCc1cccc(c1)NC1=CC(=c2ccc(cc2)=C2C=CC(C=C2O)=O)NN1,1996
CC(C)S(c1ccccc1Nc1c(c(N)nc(Nc2ccc(cc2OC)N2CCC(CC2)C(N)=O)n1)[Cl])(=O)=O,1997
Cn1cc(cn1)c1ccc2c(c1)c1c(C=CC(N1c1ccc3CCN(C(C=C)=O)c3c1)=O)cn2,1998
CC(C)n1cnc2c(Nc3cccc(c3)NC(C=C)=O)nc(NC3CCC(CC3)N(C)C)nc12,1999
C(C(=C1NC(c2ccc(cc2N1)[Cl])=O)C(c1ccc(cc1[Cl])[Cl])=O)#N,2000
CC(c1ccc2c(c1)OCCO2)N[C@H]1C[C@H]1c1ccccc1,2001
C1C(C=C(NC1C2C(=O)NCC(C(=O)NC(C(=O)NC(C(=O)NC(=CNC(=O)N)C(=O)N2)CO)CO)NC(=O)CC(CCCN)N)N)O,2002
CC(C)=CCCC(C)=CCNCCNC1[C@H]2C[C@H]3C[C@@H]1C[C@H](C3)C2,2003
